Resolution,ScreenSize,NumberOfReview,main_camera_mp,num_cameras,has_telephoto,has_ultrawide,has_ois,has_warranty,is_new_product,has_original_accessories
1080x2408,6.6,22.0,50.0,2.0,Không có camera tele,Không có camera siêu rộng,Không có chống rung OIS,Không có bảo hành,Sản phẩm mới,Đầy đủ phụ kiện
1080x2388,6.64,6.0,50.0,2.0,Không có camera tele,Không có camera siêu rộng,Không có chống rung OIS,Không có bảo hành,Sản phẩm mới,Đầy đủ phụ kiện
1080x2460,6.78,31.0,108.0,2.0,Không có camera tele,Không có camera siêu rộng,Không có chống rung OIS,Không có bảo hành,Sản phẩm mới,Đầy đủ phụ kiện
1080x2340,6.6,0.0,,,,,,Có bảo hành,Sản phẩm mới,Đầy đủ phụ kiện
1440x3216,6.7,,50.0,4.0,Có camera tele,Có camera siêu rộng,Có chống rung OIS,Không có bảo hành,Sản phẩm mới,Đầy đủ phụ kiện
1080x2412,6.7,4.0,64.0,3.0,Có camera tele,Có camera siêu rộng,Không có chống rung OIS,Không có bảo hành,Sản phẩm mới,Đầy đủ phụ kiện
1080x2400,6.66,,50.0,2.0,Không có camera tele,Không có camera siêu rộng,Không có chống rung OIS,Không có bảo hành,Sản phẩm mới,Đầy đủ phụ kiện
1080x2400,6.67,44.0,108.0,3.0,Không có camera tele,Không có camera siêu rộng,Không có chống rung OIS,Có bảo hành,Sản phẩm mới,Đầy đủ phụ kiện
240x320,2.4,26.0,,,,,,Có bảo hành,Sản phẩm mới,Đầy đủ phụ kiện
240x320,2.31,62.0,,,Không có camera tele,Không có camera siêu rộng,Không có chống rung OIS,Có bảo hành,Sản phẩm mới,Đầy đủ phụ kiện
1792x828,6.1,72.0,12.0,1.0,Không có camera tele,Có camera siêu rộng,Không có chống rung OIS,Không có bảo hành,Sản phẩm mới,Đầy đủ phụ kiện
1080x2400,6.7,23.0,50.0,3.0,Không có camera tele,Có camera siêu rộng,Có chống rung OIS,Không có bảo hành,Sản phẩm mới,Đầy đủ phụ kiện
1080x2400,6.43,2.0,64.0,3.0,Không có camera tele,Có camera siêu rộng,Không có chống rung OIS,Không có bảo hành,Sản phẩm mới,Đầy đủ phụ kiện
1080x2400,6.78,11.0,50.0,2.0,Không có camera tele,Không có camera siêu rộng,Không có chống rung OIS,Có bảo hành,Sản phẩm mới,Đầy đủ phụ kiện
1080x2400,6.72,20.0,50.0,1.0,Không có camera tele,Không có camera siêu rộng,Không có chống rung OIS,Có bảo hành,Sản phẩm mới,Đầy đủ phụ kiện
2532x1170,6.1,4.0,12.0,2.0,Không có camera tele,Có camera siêu rộng,Không có chống rung OIS,Không có bảo hành,Sản phẩm mới,Đầy đủ phụ kiện
1080x2640,6.7,20.0,50.0,2.0,Có camera tele,Có camera siêu rộng,Không có chống rung OIS,Không có bảo hành,Sản phẩm mới,Đầy đủ phụ kiện
720x1612,6.56,11.0,50.0,1.0,Không có camera tele,Không có camera siêu rộng,Không có chống rung OIS,Không có bảo hành,Sản phẩm mới,Đầy đủ phụ kiện
1290x2796,6.7,49.0,48.0,2.0,Không có camera tele,Không có camera siêu rộng,Không có chống rung OIS,Có bảo hành,Sản phẩm mới,Đầy đủ phụ kiện
720x1600,6.74,3.0,13.0,1.0,Không có camera tele,Không có camera siêu rộng,Không có chống rung OIS,Không có bảo hành,Sản phẩm mới,Đầy đủ phụ kiện
3120x1440,6.7,6.0,50.0,3.0,Có camera tele,Có camera siêu rộng,Không có chống rung OIS,Không có bảo hành,Sản phẩm mới,Đầy đủ phụ kiện
1170x2532,6.1,43.0,12.0,2.0,Không có camera tele,Có camera siêu rộng,Có chống rung OIS,Không có bảo hành,Sản phẩm mới,Đầy đủ phụ kiện
1600x720,6.74,,32.0,1.0,Không có camera tele,Không có camera siêu rộng,Không có chống rung OIS,Không có bảo hành,Sản phẩm mới,Đầy đủ phụ kiện
1080x2340,6.5,84.0,50.0,3.0,Không có camera tele,Không có camera siêu rộng,Không có chống rung OIS,Có bảo hành,Sản phẩm mới,Đầy đủ phụ kiện
,6.6,,47.2,1.0,Không có camera tele,Không có camera siêu rộng,Không có chống rung OIS,Không có bảo hành,Sản phẩm mới,Đầy đủ phụ kiện
1080x2400,6.5,,48.0,3.0,Không có camera tele,Không có camera siêu rộng,Không có chống rung OIS,Không có bảo hành,Sản phẩm mới,Đầy đủ phụ kiện
720x1600,6.74,2.0,50.0,1.0,Không có camera tele,Không có camera siêu rộng,Không có chống rung OIS,Không có bảo hành,Sản phẩm mới,Đầy đủ phụ kiện
2404x1080,6.44,3.0,64.0,3.0,Không có camera tele,Có camera siêu rộng,Không có chống rung OIS,Không có bảo hành,Sản phẩm mới,Đầy đủ phụ kiện
1080x2520,6.8,4.0,50.0,3.0,Có camera tele,Không có camera siêu rộng,Có chống rung OIS,Không có bảo hành,Sản phẩm mới,Đầy đủ phụ kiện
1080x2448,6.78,7.0,64.0,3.0,Không có camera tele,Có camera siêu rộng,Không có chống rung OIS,Không có bảo hành,Sản phẩm mới,Đầy đủ phụ kiện
,6.79,13.0,13.0,1.0,Không có camera tele,Không có camera siêu rộng,Không có chống rung OIS,Không có bảo hành,Sản phẩm mới,Đầy đủ phụ kiện
,6.6,1.0,50.0,3.0,Có camera tele,Có camera siêu rộng,Không có chống rung OIS,Không có bảo hành,Sản phẩm mới,Đầy đủ phụ kiện
720x1600,6.74,,13.0,1.0,Không có camera tele,Không có camera siêu rộng,Không có chống rung OIS,Có bảo hành,Sản phẩm mới,Đầy đủ phụ kiện
1080x2408,6.6,63.0,,,Không có camera tele,Không có camera siêu rộng,Không có chống rung OIS,Không có bảo hành,Sản phẩm mới,Đầy đủ phụ kiện
1170x2532,6.1,54.0,12.0,3.0,Có camera tele,Có camera siêu rộng,Có chống rung OIS,Không có bảo hành,Sản phẩm mới,Đầy đủ phụ kiện
2248x2480,8.12,2.0,50.0,3.0,Không có camera tele,Không có camera siêu rộng,Không có chống rung OIS,Có bảo hành,Sản phẩm mới,Đầy đủ phụ kiện
1080x2412,6.7,,50.0,3.0,Không có camera tele,Không có camera siêu rộng,Không có chống rung OIS,Không có bảo hành,Sản phẩm mới,Đầy đủ phụ kiện
2622x1206,6.3,39.0,48.0,3.0,Có camera tele,Có camera siêu rộng,Có chống rung OIS,Không có bảo hành,Sản phẩm mới,Đầy đủ phụ kiện
1080x2376,6.7,,100.0,3.0,Không có camera tele,Có camera siêu rộng,Không có chống rung OIS,Không có bảo hành,Sản phẩm mới,Đầy đủ phụ kiện
1080x2340,6.5,,50.0,3.0,Không có camera tele,Có camera siêu rộng,Có chống rung OIS,Không có bảo hành,Sản phẩm mới,Đầy đủ phụ kiện
720x1600,6.67,,108.0,1.0,Không có camera tele,Không có camera siêu rộng,Không có chống rung OIS,Có bảo hành,Sản phẩm mới,Đầy đủ phụ kiện
,6.77,,50.0,2.0,Không có camera tele,Không có camera siêu rộng,Không có chống rung OIS,Không có bảo hành,Sản phẩm mới,Đầy đủ phụ kiện
1600x720,6.74,,13.0,2.0,Không có camera tele,Không có camera siêu rộng,Không có chống rung OIS,Không có bảo hành,Sản phẩm mới,Đầy đủ phụ kiện
1612x720,6.56,1.0,50.0,2.0,Không có camera tele,Không có camera siêu rộng,Không có chống rung OIS,Không có bảo hành,Sản phẩm mới,Đầy đủ phụ kiện
1080x2412,6.7,7.0,50.0,3.0,Không có camera tele,Không có camera siêu rộng,Không có chống rung OIS,Có bảo hành,Sản phẩm mới,Đầy đủ phụ kiện
1320x2868,6.9,129.0,48.0,3.0,Không có camera tele,Không có camera siêu rộng,Không có chống rung OIS,Có bảo hành,Sản phẩm mới,Đầy đủ phụ kiện
1080x2400,,0.0,50.0,3.0,Không có camera tele,Không có camera siêu rộng,Không có chống rung OIS,Có bảo hành,Sản phẩm mới,Đầy đủ phụ kiện
2778x1284,6.7,180.0,12.0,3.0,Có camera tele,Có camera siêu rộng,Không có chống rung OIS,Không có bảo hành,Sản phẩm mới,Đầy đủ phụ kiện
1080x2340,6.2,8.0,50.0,3.0,Không có camera tele,Không có camera siêu rộng,Không có chống rung OIS,Có bảo hành,Sản phẩm mới,Đầy đủ phụ kiện
,6.66,1.0,48.0,3.0,Có camera tele,Có camera siêu rộng,Có chống rung OIS,Không có bảo hành,Sản phẩm mới,Đầy đủ phụ kiện
1440x3200,6.43,1.0,64.0,3.0,Không có camera tele,Có camera siêu rộng,Không có chống rung OIS,Không có bảo hành,Sản phẩm mới,Đầy đủ phụ kiện
720x1600,6.74,0.0,,,,,,Có bảo hành,Sản phẩm mới,Đầy đủ phụ kiện
1080x2400,6.43,16.0,108.0,4.0,Không có camera tele,Có camera siêu rộng,Không có chống rung OIS,Không có bảo hành,Sản phẩm mới,Đầy đủ phụ kiện
1220x2712,6.67,176.0,64.0,3.0,Không có camera tele,Có camera siêu rộng,Không có chống rung OIS,Không có bảo hành,Sản phẩm mới,Đầy đủ phụ kiện
1080x2460,6.78,,50.0,2.0,Không có camera tele,Không có camera siêu rộng,Không có chống rung OIS,Không có bảo hành,Sản phẩm mới,Đầy đủ phụ kiện
2796x1290,6.7,54.0,48.0,2.0,Không có camera tele,Không có camera siêu rộng,Không có chống rung OIS,Không có bảo hành,Sản phẩm mới,Đầy đủ phụ kiện
720x1612,6.56,22.0,50.0,2.0,Không có camera tele,Không có camera siêu rộng,Không có chống rung OIS,Có bảo hành,Sản phẩm mới,Đầy đủ phụ kiện
,,,64.0,3.0,Không có camera tele,Không có camera siêu rộng,Không có chống rung OIS,Không có bảo hành,Sản phẩm mới,Đầy đủ phụ kiện
120x160,1.77,34.0,,,Không có camera tele,Không có camera siêu rộng,Không có chống rung OIS,Có bảo hành,Sản phẩm mới,Đầy đủ phụ kiện
1220x2712,6.67,40.0,50.0,3.0,Có camera tele,Có camera siêu rộng,Không có chống rung OIS,Không có bảo hành,Sản phẩm mới,Đầy đủ phụ kiện
3200x1440,6.66,,48.0,3.0,Không có camera tele,Không có camera siêu rộng,Có chống rung OIS,Không có bảo hành,Sản phẩm mới,Đầy đủ phụ kiện
,,,108.0,1.0,Không có camera tele,Không có camera siêu rộng,Không có chống rung OIS,Không có bảo hành,Sản phẩm mới,Đầy đủ phụ kiện
,6.82,,50.0,3.0,Có camera tele,Có camera siêu rộng,Có chống rung OIS,Không có bảo hành,Sản phẩm mới,Đầy đủ phụ kiện
1080x2460,6.79,5.0,108.0,2.0,Không có camera tele,Không có camera siêu rộng,Không có chống rung OIS,Có bảo hành,Sản phẩm mới,Đầy đủ phụ kiện
,6.56,,13.0,1.0,Không có camera tele,Không có camera siêu rộng,Không có chống rung OIS,Không có bảo hành,Sản phẩm mới,Đầy đủ phụ kiện
3200x1440,6.73,,200.0,4.0,Có camera tele,Có camera siêu rộng,Có chống rung OIS,Không có bảo hành,Sản phẩm mới,Đầy đủ phụ kiện
1080x2340,6.1,41.0,50.0,3.0,Không có camera tele,Không có camera siêu rộng,Không có chống rung OIS,Có bảo hành,Sản phẩm mới,Đầy đủ phụ kiện
1080x2400,6.67,53.0,50.0,3.0,Không có camera tele,Không có camera siêu rộng,Không có chống rung OIS,Không có bảo hành,Sản phẩm mới,Đầy đủ phụ kiện
1080x2340,6.2,1.0,50.0,3.0,Không có camera tele,Không có camera siêu rộng,Không có chống rung OIS,Có bảo hành,Sản phẩm mới,Đầy đủ phụ kiện
1080x2400,6.66,1.0,64.0,3.0,Không có camera tele,Có camera siêu rộng,Không có chống rung OIS,Không có bảo hành,Sản phẩm mới,Đầy đủ phụ kiện
2800x1260,6.78,,50.0,3.0,Không có camera tele,Có camera siêu rộng,Có chống rung OIS,Không có bảo hành,Sản phẩm mới,Đầy đủ phụ kiện
1080x2412,6.56,,50.0,2.0,Không có camera tele,Không có camera siêu rộng,Không có chống rung OIS,Không có bảo hành,Sản phẩm mới,Đầy đủ phụ kiện
1170x2532,6.1,2045.0,,,Không có camera tele,Có camera siêu rộng,Không có chống rung OIS,Có bảo hành,Sản phẩm mới,Đầy đủ phụ kiện
1x5,6.78,16.0,50.0,2.0,Không có camera tele,Không có camera siêu rộng,Không có chống rung OIS,Có bảo hành,Sản phẩm mới,Đầy đủ phụ kiện
1080x2460,6.78,4.0,50.0,2.0,Không có camera tele,Không có camera siêu rộng,Không có chống rung OIS,Không có bảo hành,Sản phẩm mới,Đầy đủ phụ kiện
1080x2400,6.67,44.0,50.0,3.0,Không có camera tele,Không có camera siêu rộng,Không có chống rung OIS,Có bảo hành,Sản phẩm mới,Đầy đủ phụ kiện
720x1612,6.56,6.0,8.0,1.0,Không có camera tele,Không có camera siêu rộng,Không có chống rung OIS,Không có bảo hành,Sản phẩm mới,Đầy đủ phụ kiện
1170x2532,6.1,0.0,12.0,2.0,Không có camera tele,Không có camera siêu rộng,Không có chống rung OIS,Có bảo hành,Sản phẩm mới,Đầy đủ phụ kiện
1220x2712,6.67,160.0,108.0,3.0,Không có camera tele,Không có camera siêu rộng,Không có chống rung OIS,Không có bảo hành,Sản phẩm mới,Đầy đủ phụ kiện
1080x2408,6.6,8.0,50.0,4.0,Không có camera tele,Không có camera siêu rộng,Không có chống rung OIS,Không có bảo hành,Sản phẩm mới,Đầy đủ phụ kiện
1284x2778,6.7,173.0,12.0,3.0,Có camera tele,Có camera siêu rộng,Có chống rung OIS,Không có bảo hành,Sản phẩm mới,Đầy đủ phụ kiện
720x1600,6.7,12.0,50.0,2.0,Không có camera tele,Không có camera siêu rộng,Không có chống rung OIS,Có bảo hành,Sản phẩm mới,Đầy đủ phụ kiện
1116x2480,6.8,2.0,50.0,3.0,Không có camera tele,Không có camera siêu rộng,Có chống rung OIS,Không có bảo hành,Sản phẩm mới,Đầy đủ phụ kiện
2304x1440,10.9,,13.0,1.0,Không có camera tele,Không có camera siêu rộng,Không có chống rung OIS,Không có bảo hành,Sản phẩm mới,Đầy đủ phụ kiện
1768x2208,7.6,16.0,12.0,4.0,Có camera tele,Có camera siêu rộng,Có chống rung OIS,Không có bảo hành,Sản phẩm mới,Đầy đủ phụ kiện
1440x3120,6.7,,50.0,3.0,Có camera tele,Có camera siêu rộng,Có chống rung OIS,Không có bảo hành,Sản phẩm mới,Đầy đủ phụ kiện
1080x2340,6.7,13.0,50.0,3.0,Không có camera tele,Có camera siêu rộng,Không có chống rung OIS,Không có bảo hành,Sản phẩm mới,Đầy đủ phụ kiện
720x1640,6.9,,50.0,2.0,Không có camera tele,Không có camera siêu rộng,Không có chống rung OIS,Không có bảo hành,Sản phẩm mới,Đầy đủ phụ kiện
2x2268,7.82,,64.0,3.0,Không có camera tele,Không có camera siêu rộng,Không có chống rung OIS,Có bảo hành,Sản phẩm mới,Đầy đủ phụ kiện
1080x2400,6.73,,50.38,4.0,Có camera tele,Có camera siêu rộng,Có chống rung OIS,Không có bảo hành,Sản phẩm mới,Đầy đủ phụ kiện
2796x1290,6.7,116.0,48.0,3.0,Có camera tele,Có camera siêu rộng,Có chống rung OIS,Không có bảo hành,Sản phẩm mới,Đầy đủ phụ kiện
1220x2712,6.67,30.0,50.0,1.0,Không có camera tele,Không có camera siêu rộng,Không có chống rung OIS,Có bảo hành,Sản phẩm mới,Đầy đủ phụ kiện
1080x2340,6.5,15.0,50.0,3.0,Không có camera tele,Có camera siêu rộng,Có chống rung OIS,Không có bảo hành,Sản phẩm mới,Đầy đủ phụ kiện
,,,64.0,1.0,Không có camera tele,Không có camera siêu rộng,Không có chống rung OIS,Không có bảo hành,Sản phẩm mới,Đầy đủ phụ kiện
2622x1206,6.3,,48.0,3.0,Có camera tele,Có camera siêu rộng,Có chống rung OIS,Không có bảo hành,Sản phẩm mới,Đầy đủ phụ kiện
,6.67,11.0,13.0,1.0,Không có camera tele,Không có camera siêu rộng,Không có chống rung OIS,Không có bảo hành,Sản phẩm mới,Đầy đủ phụ kiện
2156x2344,7.92,1.0,50.0,3.0,Không có camera tele,Không có camera siêu rộng,Không có chống rung OIS,Có bảo hành,Sản phẩm mới,Đầy đủ phụ kiện
1080x2400,6.4,,108.0,4.0,Không có camera tele,Không có camera siêu rộng,Không có chống rung OIS,Không có bảo hành,Sản phẩm mới,Đầy đủ phụ kiện
,6.7,,200.0,3.0,Không có camera tele,Có camera siêu rộng,Không có chống rung OIS,Không có bảo hành,Sản phẩm mới,Đầy đủ phụ kiện
1179x2556,6.1,106.0,,,,,,Có bảo hành,Sản phẩm mới,Đầy đủ phụ kiện
1080x2400,6.66,,50.0,3.0,Không có camera tele,Có camera siêu rộng,Không có chống rung OIS,Không có bảo hành,Sản phẩm mới,Đầy đủ phụ kiện
1179x2556,6.1,1.0,48.0,3.0,Không có camera tele,Không có camera siêu rộng,Không có chống rung OIS,Có bảo hành,Sản phẩm mới,Đầy đủ phụ kiện
1080x2400,6.43,44.0,50.0,4.0,Không có camera tele,Có camera siêu rộng,Không có chống rung OIS,Không có bảo hành,Sản phẩm mới,Đầy đủ phụ kiện
,6.73,,54.0,3.0,Có camera tele,Có camera siêu rộng,Có chống rung OIS,Không có bảo hành,Sản phẩm mới,Đầy đủ phụ kiện
1608x720,6.68,,50.0,2.0,Không có camera tele,Không có camera siêu rộng,Không có chống rung OIS,Không có bảo hành,Sản phẩm mới,Đầy đủ phụ kiện
2778x1284,6.7,33.0,12.0,3.0,Có camera tele,Có camera siêu rộng,Không có chống rung OIS,Không có bảo hành,Sản phẩm mới,Đầy đủ phụ kiện
1220x2712,6.67,22.0,200.0,3.0,Không có camera tele,Không có camera siêu rộng,Không có chống rung OIS,Không có bảo hành,Sản phẩm mới,Đầy đủ phụ kiện
1080x2408,6.75,,64.0,4.0,Có camera tele,Có camera siêu rộng,Có chống rung OIS,Không có bảo hành,Sản phẩm mới,Đầy đủ phụ kiện
240x320,2.8,44.0,,,,,,Có bảo hành,Sản phẩm mới,Đầy đủ phụ kiện
1080x2400,6.7,2.0,50.0,3.0,Không có camera tele,Không có camera siêu rộng,Không có chống rung OIS,Không có bảo hành,Sản phẩm mới,Đầy đủ phụ kiện
1440x3200,6.78,,50.0,3.0,Có camera tele,Có camera siêu rộng,Không có chống rung OIS,Không có bảo hành,Sản phẩm mới,Đầy đủ phụ kiện
720x1608,6.68,27.0,50.0,2.0,Không có camera tele,Không có camera siêu rộng,Không có chống rung OIS,Có bảo hành,Sản phẩm mới,Đầy đủ phụ kiện
1080x2400,6.67,4.0,50.0,2.0,Không có camera tele,Không có camera siêu rộng,Không có chống rung OIS,Có bảo hành,Sản phẩm mới,Đầy đủ phụ kiện
720x1612,6.56,5.0,50.0,1.0,Không có camera tele,Không có camera siêu rộng,Không có chống rung OIS,Không có bảo hành,Sản phẩm mới,Đầy đủ phụ kiện
1080x2400,6.67,15.0,50.0,3.0,Không có camera tele,Không có camera siêu rộng,Không có chống rung OIS,Có bảo hành,Sản phẩm mới,Đầy đủ phụ kiện
1612x720,6.56,,13.0,2.0,Không có camera tele,Không có camera siêu rộng,Không có chống rung OIS,Có bảo hành,Sản phẩm mới,Đầy đủ phụ kiện
,7.1,2.0,50.0,3.0,Có camera tele,Có camera siêu rộng,Có chống rung OIS,Không có bảo hành,Sản phẩm mới,Đầy đủ phụ kiện
1x5,6.67,88.0,50.0,3.0,Không có camera tele,Không có camera siêu rộng,Không có chống rung OIS,Có bảo hành,Sản phẩm mới,Đầy đủ phụ kiện
720x1280,5.5,,13.0,1.0,Không có camera tele,Không có camera siêu rộng,Không có chống rung OIS,Không có bảo hành,Sản phẩm mới,Đầy đủ phụ kiện
1080x2340,6.6,0.0,48.0,3.0,Không có camera tele,Có camera siêu rộng,Có chống rung OIS,Không có bảo hành,Sản phẩm mới,Đầy đủ phụ kiện
1080x2460,6.78,33.0,50.0,1.0,Không có camera tele,Không có camera siêu rộng,Không có chống rung OIS,Không có bảo hành,Sản phẩm mới,Đầy đủ phụ kiện
1080x2340,6.4,7.0,50.0,3.0,Không có camera tele,Không có camera siêu rộng,Không có chống rung OIS,Không có bảo hành,Sản phẩm mới,Đầy đủ phụ kiện
,6.4,,200.0,3.0,Có camera tele,Có camera siêu rộng,Không có chống rung OIS,Không có bảo hành,Sản phẩm mới,Đầy đủ phụ kiện
1080x2400,6.72,,50.0,2.0,Không có camera tele,Không có camera siêu rộng,Không có chống rung OIS,Không có bảo hành,Sản phẩm mới,Đầy đủ phụ kiện
,6.78,,200.0,3.0,Có camera tele,Có camera siêu rộng,Có chống rung OIS,Không có bảo hành,Sản phẩm mới,Đầy đủ phụ kiện
720x1610,6.77,10.0,108.0,2.0,Không có camera tele,Không có camera siêu rộng,Không có chống rung OIS,Có bảo hành,Sản phẩm mới,Đầy đủ phụ kiện
720x1600,6.52,1.0,13.0,2.0,Không có camera tele,Không có camera siêu rộng,Không có chống rung OIS,Không có bảo hành,Sản phẩm mới,Đầy đủ phụ kiện
1080x2340,6.7,3.0,50.0,3.0,Không có camera tele,Không có camera siêu rộng,Không có chống rung OIS,Không có bảo hành,Sản phẩm mới,Đầy đủ phụ kiện
1170x2532,6.1,76.0,12.0,2.0,Không có camera tele,Có camera siêu rộng,Có chống rung OIS,Không có bảo hành,Sản phẩm mới,Đầy đủ phụ kiện
,6.8,13.0,50.0,2.0,Không có camera tele,Không có camera siêu rộng,Không có chống rung OIS,Không có bảo hành,Sản phẩm mới,Đầy đủ phụ kiện
1179x2556,6.1,69.0,48.0,2.0,Không có camera tele,Không có camera siêu rộng,Không có chống rung OIS,Có bảo hành,Sản phẩm mới,Đầy đủ phụ kiện
1080x2408,6.6,28.0,50.0,2.0,Không có camera tele,Không có camera siêu rộng,Không có chống rung OIS,Không có bảo hành,Sản phẩm mới,Đầy đủ phụ kiện
3200x1440,6.73,6.0,200.0,4.0,Có camera tele,Có camera siêu rộng,Có chống rung OIS,Không có bảo hành,Sản phẩm mới,Đầy đủ phụ kiện
720x1600,6.67,3.0,50.0,2.0,Không có camera tele,Không có camera siêu rộng,Không có chống rung OIS,Có bảo hành,Sản phẩm mới,Đầy đủ phụ kiện
1440x3120,6.8,59.0,200.0,4.0,Có camera tele,Có camera siêu rộng,Có chống rung OIS,Không có bảo hành,Sản phẩm mới,Đầy đủ phụ kiện
,6.7,8.0,50.0,3.0,Không có camera tele,Không có camera siêu rộng,Không có chống rung OIS,Không có bảo hành,Sản phẩm mới,Đầy đủ phụ kiện
1080x2640,6.8,,64.0,1.0,Không có camera tele,Không có camera siêu rộng,Không có chống rung OIS,Không có bảo hành,Sản phẩm mới,Đầy đủ phụ kiện
1080x2340,6.6,36.0,50.0,3.0,Không có camera tele,Không có camera siêu rộng,Có chống rung OIS,Không có bảo hành,Sản phẩm mới,Đầy đủ phụ kiện
,7.0,,50.0,3.0,Có camera tele,Có camera siêu rộng,Có chống rung OIS,Không có bảo hành,Sản phẩm mới,Đầy đủ phụ kiện
1080x2340,6.7,4.0,50.0,3.0,Không có camera tele,Không có camera siêu rộng,Không có chống rung OIS,Có bảo hành,Sản phẩm mới,Đầy đủ phụ kiện
240x320,2.4,10.0,,,Không có camera tele,Không có camera siêu rộng,Không có chống rung OIS,Có bảo hành,Sản phẩm mới,Đầy đủ phụ kiện
1856x2160,7.6,25.0,50.0,3.0,Không có camera tele,Không có camera siêu rộng,Không có chống rung OIS,Có bảo hành,Sản phẩm mới,Đầy đủ phụ kiện
720x1612,6.6,0.0,50.0,2.0,Không có camera tele,Không có camera siêu rộng,Không có chống rung OIS,Không có bảo hành,Sản phẩm mới,Đầy đủ phụ kiện
1440x3120,6.8,3.0,200.0,4.0,Có camera tele,Có camera siêu rộng,Có chống rung OIS,Không có bảo hành,Sản phẩm mới,Đầy đủ phụ kiện
1600x720,6.74,,50.0,2.0,Không có camera tele,Không có camera siêu rộng,Không có chống rung OIS,Không có bảo hành,Sản phẩm mới,Đầy đủ phụ kiện
1440x3200,6.67,1.0,50.0,3.0,Không có camera tele,Có camera siêu rộng,Có chống rung OIS,Không có bảo hành,Sản phẩm mới,Đầy đủ phụ kiện
1080x2400,6.72,22.0,64.0,2.0,Không có camera tele,Không có camera siêu rộng,Không có chống rung OIS,Không có bảo hành,Sản phẩm mới,Đầy đủ phụ kiện
240x320,2.4,20.0,2.0,1.0,Không có camera tele,Không có camera siêu rộng,Không có chống rung OIS,Có bảo hành,Sản phẩm mới,Đầy đủ phụ kiện
2532x1170,6.1,36.0,48.0,4.0,Có camera tele,Không có camera siêu rộng,Có chống rung OIS,Không có bảo hành,Sản phẩm mới,Đầy đủ phụ kiện
1080x2436,6.78,11.0,50.0,2.0,Không có camera tele,Không có camera siêu rộng,Không có chống rung OIS,Có bảo hành,Sản phẩm mới,Đầy đủ phụ kiện
1080x2340,6.0,,16.0,2.0,Không có camera tele,Có camera siêu rộng,Có chống rung OIS,Không có bảo hành,Sản phẩm mới,Đầy đủ phụ kiện
,6.78,,50.0,2.0,Không có camera tele,Có camera siêu rộng,Không có chống rung OIS,Không có bảo hành,Sản phẩm mới,Đầy đủ phụ kiện
720x1612,6.56,18.0,50.0,1.0,Không có camera tele,Không có camera siêu rộng,Không có chống rung OIS,Không có bảo hành,Sản phẩm mới,Đầy đủ phụ kiện
720x1604,6.67,10.0,50.0,1.0,Không có camera tele,Không có camera siêu rộng,Không có chống rung OIS,Không có bảo hành,Sản phẩm mới,Đầy đủ phụ kiện
1080x2400,6.72,,108.0,2.0,Không có camera tele,Không có camera siêu rộng,Không có chống rung OIS,Không có bảo hành,Sản phẩm mới,Đầy đủ phụ kiện
720x1600,6.745,1.0,32.0,1.0,Không có camera tele,Không có camera siêu rộng,Không có chống rung OIS,Có bảo hành,Sản phẩm mới,Đầy đủ phụ kiện
1080x2408,6.6,26.0,50.0,3.0,Không có camera tele,Không có camera siêu rộng,Không có chống rung OIS,Không có bảo hành,Sản phẩm mới,Đầy đủ phụ kiện
2532x1170,6.1,42.0,12.0,2.0,Không có camera tele,Có camera siêu rộng,Không có chống rung OIS,Không có bảo hành,Sản phẩm mới,Đầy đủ phụ kiện
1080x2340,6.6,75.0,50.0,3.0,Không có camera tele,Không có camera siêu rộng,Không có chống rung OIS,Có bảo hành,Sản phẩm mới,Đầy đủ phụ kiện
1612x720,6.56,,13.0,2.0,Không có camera tele,Không có camera siêu rộng,Không có chống rung OIS,Có bảo hành,Sản phẩm mới,Đầy đủ phụ kiện
1240x2772,6.74,,50.0,3.0,Không có camera tele,Có camera siêu rộng,Có chống rung OIS,Không có bảo hành,Sản phẩm mới,Đầy đủ phụ kiện
1170x2532,6.1,338.0,12.0,1.0,Không có camera tele,Không có camera siêu rộng,Không có chống rung OIS,Có bảo hành,Sản phẩm mới,Đầy đủ phụ kiện
1080x2388,6.64,,50.0,2.0,Không có camera tele,Không có camera siêu rộng,Không có chống rung OIS,Có bảo hành,Sản phẩm mới,Đầy đủ phụ kiện
,6.78,1.0,50.0,2.0,Không có camera tele,Có camera siêu rộng,Không có chống rung OIS,Có bảo hành,Sản phẩm mới,Đầy đủ phụ kiện
1080x2400,6.67,3.0,48.0,3.0,Không có camera tele,Có camera siêu rộng,Không có chống rung OIS,Không có bảo hành,Sản phẩm mới,Đầy đủ phụ kiện
1080x2340,6.7,,50.0,3.0,Không có camera tele,Không có camera siêu rộng,Không có chống rung OIS,Có bảo hành,Sản phẩm mới,Đầy đủ phụ kiện
1080x2340,6.2,51.0,50.0,3.0,Không có camera tele,Không có camera siêu rộng,Không có chống rung OIS,Có bảo hành,Sản phẩm mới,Đầy đủ phụ kiện
128x160,1.77,277.0,,,,,,Có bảo hành,Sản phẩm mới,Đầy đủ phụ kiện
1600x720,6.52,,2.0,1.0,Không có camera tele,Không có camera siêu rộng,Không có chống rung OIS,Không có bảo hành,Sản phẩm mới,Đầy đủ phụ kiện
1080x2400,6.67,,50.0,2.0,Không có camera tele,Không có camera siêu rộng,Không có chống rung OIS,Không có bảo hành,Sản phẩm mới,Đầy đủ phụ kiện
3200x1440,6.66,,108.0,3.0,Không có camera tele,Không có camera siêu rộng,Có chống rung OIS,Không có bảo hành,Sản phẩm mới,Đầy đủ phụ kiện
1080x2436,6.78,62.0,100.0,1.0,Không có camera tele,Không có camera siêu rộng,Có chống rung OIS,Không có bảo hành,Sản phẩm mới,Đầy đủ phụ kiện
1600x720,6.74,,13.0,2.0,Không có camera tele,Không có camera siêu rộng,Không có chống rung OIS,Không có bảo hành,Sản phẩm mới,Đầy đủ phụ kiện
1440x3200,6.78,,64.0,3.0,Có camera tele,Có camera siêu rộng,Có chống rung OIS,Không có bảo hành,Sản phẩm mới,Đầy đủ phụ kiện
1440x2960,6.3,,2.0,1.0,Không có camera tele,Không có camera siêu rộng,Có chống rung OIS,Không có bảo hành,Sản phẩm mới,Đầy đủ phụ kiện
1080x2412,6.7,8.0,50.0,2.0,Không có camera tele,Không có camera siêu rộng,Không có chống rung OIS,Không có bảo hành,Sản phẩm mới,Đầy đủ phụ kiện
,6.3,,50.0,3.0,Có camera tele,Có camera siêu rộng,Không có chống rung OIS,Không có bảo hành,Sản phẩm mới,Đầy đủ phụ kiện
1080x2400,6.81,1.0,64.0,4.0,Không có camera tele,Không có camera siêu rộng,Không có chống rung OIS,Không có bảo hành,Sản phẩm mới,Đầy đủ phụ kiện
,6.78,3.0,50.0,2.0,Không có camera tele,Có camera siêu rộng,Không có chống rung OIS,Không có bảo hành,Sản phẩm mới,Đầy đủ phụ kiện
2796x1290,6.7,17.0,48.0,2.0,Không có camera tele,Không có camera siêu rộng,Không có chống rung OIS,Không có bảo hành,Sản phẩm mới,Đầy đủ phụ kiện
720x1600,6.74,16.0,50.0,1.0,Không có camera tele,Không có camera siêu rộng,Không có chống rung OIS,Không có bảo hành,Sản phẩm mới,Đầy đủ phụ kiện
240x320,2.8,4.0,3.0,1.0,Không có camera tele,Không có camera siêu rộng,Không có chống rung OIS,Không có bảo hành,Sản phẩm mới,Đầy đủ phụ kiện
1080x2436,6.78,13.0,50.0,2.0,Không có camera tele,Không có camera siêu rộng,Không có chống rung OIS,Không có bảo hành,Sản phẩm mới,Đầy đủ phụ kiện
1080x2400,6.4,10.0,108.0,2.0,Không có camera tele,Không có camera siêu rộng,Không có chống rung OIS,Không có bảo hành,Sản phẩm mới,Đầy đủ phụ kiện
2176x1812,7.6,5.0,50.0,3.0,Có camera tele,Có camera siêu rộng,Có chống rung OIS,Không có bảo hành,Sản phẩm mới,Đầy đủ phụ kiện
,6.8,5.0,,,Không có camera tele,Không có camera siêu rộng,Không có chống rung OIS,Không có bảo hành,Sản phẩm mới,Đầy đủ phụ kiện
2796x1290,6.7,6.0,48.0,3.0,Có camera tele,Có camera siêu rộng,Không có chống rung OIS,Không có bảo hành,Sản phẩm mới,Đầy đủ phụ kiện
1080x2408,6.58,,50.0,2.0,Không có camera tele,Không có camera siêu rộng,Không có chống rung OIS,Không có bảo hành,Sản phẩm mới,Đầy đủ phụ kiện
1080x2400,6.67,,108.0,2.0,Không có camera tele,Không có camera siêu rộng,Không có chống rung OIS,Không có bảo hành,Sản phẩm mới,Đầy đủ phụ kiện
,6.8,19.0,200.0,3.0,Không có camera tele,Không có camera siêu rộng,Không có chống rung OIS,Có bảo hành,Sản phẩm mới,Đầy đủ phụ kiện
,6.7,,64.0,3.0,Có camera tele,Có camera siêu rộng,Không có chống rung OIS,Không có bảo hành,Sản phẩm mới,Đầy đủ phụ kiện
,6.67,,13.0,1.0,Không có camera tele,Không có camera siêu rộng,Không có chống rung OIS,Có bảo hành,Sản phẩm mới,Đầy đủ phụ kiện
720x1612,6.67,0.0,,,,,,Có bảo hành,Sản phẩm mới,Đầy đủ phụ kiện
720x1612,6.56,2.0,50.0,2.0,Không có camera tele,Không có camera siêu rộng,Không có chống rung OIS,Không có bảo hành,Sản phẩm mới,Đầy đủ phụ kiện
1080x2388,6.67,,108.0,2.0,Không có camera tele,Không có camera siêu rộng,Không có chống rung OIS,Không có bảo hành,Sản phẩm mới,Đầy đủ phụ kiện
1080x2340,6.5,,16.0,2.0,Không có camera tele,Không có camera siêu rộng,Không có chống rung OIS,Không có bảo hành,Sản phẩm mới,Đầy đủ phụ kiện
,6.7,,50.0,2.0,Có camera tele,Có camera siêu rộng,Có chống rung OIS,Không có bảo hành,Sản phẩm mới,Đầy đủ phụ kiện
720x1608,6.68,8.0,50.0,2.0,Không có camera tele,Không có camera siêu rộng,Không có chống rung OIS,Có bảo hành,Sản phẩm mới,Đầy đủ phụ kiện
720x1600,6.74,,13.0,1.0,Không có camera tele,Không có camera siêu rộng,Không có chống rung OIS,Không có bảo hành,Sản phẩm mới,Đầy đủ phụ kiện
1080x2340,6.7,4.0,50.0,3.0,Không có camera tele,Không có camera siêu rộng,Không có chống rung OIS,Không có bảo hành,Sản phẩm mới,Đầy đủ phụ kiện
2556x1179,6.1,21.0,48.0,3.0,Có camera tele,Có camera siêu rộng,Không có chống rung OIS,Không có bảo hành,Sản phẩm mới,Đầy đủ phụ kiện
128x160,1.77,172.0,,,Không có camera tele,Không có camera siêu rộng,Không có chống rung OIS,Có bảo hành,Sản phẩm mới,Đầy đủ phụ kiện
1x5,6.59,13.0,50.0,3.0,Không có camera tele,Không có camera siêu rộng,Không có chống rung OIS,Có bảo hành,Sản phẩm mới,Đầy đủ phụ kiện
1080x2640,6.7,3.0,50.0,2.0,Không có camera tele,Không có camera siêu rộng,Không có chống rung OIS,Có bảo hành,Sản phẩm mới,Đầy đủ phụ kiện
,2.4,5.0,,,Không có camera tele,Không có camera siêu rộng,Không có chống rung OIS,Có bảo hành,Sản phẩm mới,Đầy đủ phụ kiện
,6.71,,50.0,3.0,Không có camera tele,Không có camera siêu rộng,Không có chống rung OIS,Không có bảo hành,Sản phẩm mới,Đầy đủ phụ kiện
1080x2340,6.7,1.0,50.0,2.0,Không có camera tele,Không có camera siêu rộng,Không có chống rung OIS,Không có bảo hành,Sản phẩm mới,Đầy đủ phụ kiện
1080x2340,6.7,,50.0,3.0,Có camera tele,Không có camera siêu rộng,Không có chống rung OIS,Không có bảo hành,Sản phẩm mới,Đầy đủ phụ kiện
1170x2532,6.1,2.0,12.0,3.0,Có camera tele,Có camera siêu rộng,Không có chống rung OIS,Không có bảo hành,Sản phẩm mới,Đầy đủ phụ kiện
1080x2400,6.4,11.0,48.0,4.0,Không có camera tele,Có camera siêu rộng,Không có chống rung OIS,Không có bảo hành,Sản phẩm mới,Đầy đủ phụ kiện
720x1612,6.56,,50.0,2.0,Không có camera tele,Không có camera siêu rộng,Không có chống rung OIS,Không có bảo hành,Sản phẩm mới,Đầy đủ phụ kiện
2460x1080,6.79,35.0,108.0,2.0,Không có camera tele,Không có camera siêu rộng,Không có chống rung OIS,Không có bảo hành,Sản phẩm mới,Đầy đủ phụ kiện
1600x720,6.52,5.0,8.0,1.0,Không có camera tele,Không có camera siêu rộng,Không có chống rung OIS,Không có bảo hành,Sản phẩm mới,Đầy đủ phụ kiện
720x1604,6.67,53.0,8.0,1.0,Không có camera tele,Không có camera siêu rộng,Không có chống rung OIS,Có bảo hành,Sản phẩm mới,Đầy đủ phụ kiện
,6.7,1.0,50.0,3.0,Có camera tele,Không có camera siêu rộng,Có chống rung OIS,Không có bảo hành,Sản phẩm mới,Đầy đủ phụ kiện
1080x2400,6.67,5.0,50.0,3.0,Không có camera tele,Không có camera siêu rộng,Không có chống rung OIS,Có bảo hành,Sản phẩm mới,Đầy đủ phụ kiện
2712x1220,6.67,,50.0,2.0,Không có camera tele,Có camera siêu rộng,Không có chống rung OIS,Không có bảo hành,Sản phẩm mới,Đầy đủ phụ kiện
720x1604,6.67,1.0,50.0,1.0,Không có camera tele,Không có camera siêu rộng,Không có chống rung OIS,Có bảo hành,Sản phẩm mới,Đầy đủ phụ kiện
1080x2436,6.78,,50.0,2.0,Không có camera tele,Không có camera siêu rộng,Có chống rung OIS,Không có bảo hành,Sản phẩm mới,Đầy đủ phụ kiện
1290x2796,6.7,4.0,48.0,2.0,Không có camera tele,Không có camera siêu rộng,Không có chống rung OIS,Có bảo hành,Sản phẩm mới,Đầy đủ phụ kiện
,8.01,,108.0,3.0,Có camera tele,Có camera siêu rộng,Không có chống rung OIS,Không có bảo hành,Sản phẩm mới,Đầy đủ phụ kiện
1440x3200,6.67,,64.0,3.0,Không có camera tele,Có camera siêu rộng,Có chống rung OIS,Không có bảo hành,Sản phẩm mới,Đầy đủ phụ kiện
,6.67,4.0,50.0,1.0,Không có camera tele,Không có camera siêu rộng,Không có chống rung OIS,Không có bảo hành,Sản phẩm mới,Đầy đủ phụ kiện
1179x2556,6.1,13.0,48.0,2.0,Không có camera tele,Không có camera siêu rộng,Không có chống rung OIS,Có bảo hành,Sản phẩm mới,Đầy đủ phụ kiện
1116x2480,6.8,2.0,50.0,3.0,Không có camera tele,Có camera siêu rộng,Không có chống rung OIS,Không có bảo hành,Sản phẩm mới,Đầy đủ phụ kiện
720x1612,6.74,,48.0,4.0,Không có camera tele,Không có camera siêu rộng,Không có chống rung OIS,Không có bảo hành,Sản phẩm mới,Đầy đủ phụ kiện
3120x1440,6.7,,50.0,3.0,Có camera tele,Có camera siêu rộng,Không có chống rung OIS,Không có bảo hành,Sản phẩm mới,Đầy đủ phụ kiện
1080x2448,6.78,,50.0,3.0,Không có camera tele,Có camera siêu rộng,Không có chống rung OIS,Không có bảo hành,Sản phẩm mới,Đầy đủ phụ kiện
1179x2556,6.1,30.0,,,,,,Có bảo hành,Sản phẩm mới,Đầy đủ phụ kiện
1080x2388,6.8,,48.0,2.0,Không có camera tele,Không có camera siêu rộng,Không có chống rung OIS,Không có bảo hành,Sản phẩm mới,Đầy đủ phụ kiện
2556x1179,6.1,6.0,48.0,3.0,Có camera tele,Có camera siêu rộng,Không có chống rung OIS,Không có bảo hành,Sản phẩm mới,Đầy đủ phụ kiện
1080x2340,6.7,4.0,50.0,3.0,Không có camera tele,Không có camera siêu rộng,Không có chống rung OIS,Không có bảo hành,Sản phẩm mới,Đầy đủ phụ kiện
2340x1080,6.2,1.0,50.0,3.0,Có camera tele,Có camera siêu rộng,Không có chống rung OIS,Không có bảo hành,Sản phẩm mới,Đầy đủ phụ kiện
1116x2480,6.8,,64.0,3.0,Có camera tele,Có camera siêu rộng,Có chống rung OIS,Không có bảo hành,Sản phẩm mới,Đầy đủ phụ kiện
,6.78,,64.0,2.0,Không có camera tele,Không có camera siêu rộng,Không có chống rung OIS,Không có bảo hành,Sản phẩm mới,Đầy đủ phụ kiện
720x1600,6.7,,50.0,2.0,Không có camera tele,Không có camera siêu rộng,Không có chống rung OIS,Không có bảo hành,Sản phẩm mới,Đầy đủ phụ kiện
1080x2340,6.7,2.0,50.0,3.0,Không có camera tele,Không có camera siêu rộng,Không có chống rung OIS,Có bảo hành,Sản phẩm mới,Đầy đủ phụ kiện
720x1612,6.56,,50.0,1.0,Không có camera tele,Không có camera siêu rộng,Không có chống rung OIS,Không có bảo hành,Sản phẩm mới,Đầy đủ phụ kiện
720x1604,6.67,24.0,50.0,1.0,Không có camera tele,Không có camera siêu rộng,Không có chống rung OIS,Có bảo hành,Sản phẩm mới,Đầy đủ phụ kiện
,6.78,,50.0,2.0,Không có camera tele,Không có camera siêu rộng,Không có chống rung OIS,Không có bảo hành,Sản phẩm mới,Đầy đủ phụ kiện
1290x2796,6.7,15.0,,,,,,Có bảo hành,Sản phẩm mới,Đầy đủ phụ kiện
,6.67,,48.0,3.0,Có camera tele,Có camera siêu rộng,Có chống rung OIS,Không có bảo hành,Sản phẩm mới,Đầy đủ phụ kiện
1080x2640,6.7,,12.0,2.0,Không có camera tele,Có camera siêu rộng,Có chống rung OIS,Không có bảo hành,Sản phẩm mới,Đầy đủ phụ kiện
1240x2772,6.74,2.0,50.0,3.0,Có camera tele,Có camera siêu rộng,Có chống rung OIS,Không có bảo hành,Sản phẩm mới,Đầy đủ phụ kiện
2796x1290,6.7,186.0,48.0,3.0,Có camera tele,Có camera siêu rộng,Không có chống rung OIS,Không có bảo hành,Sản phẩm mới,Đầy đủ phụ kiện
2x480,8.12,6.0,50.0,3.0,Có camera tele,Không có camera siêu rộng,Có chống rung OIS,Không có bảo hành,Sản phẩm mới,Đầy đủ phụ kiện
700x1600,6.67,15.0,13.0,1.0,Không có camera tele,Không có camera siêu rộng,Không có chống rung OIS,Có bảo hành,Sản phẩm mới,Đầy đủ phụ kiện
1080x2400,6.67,,64.0,3.0,Không có camera tele,Không có camera siêu rộng,Có chống rung OIS,Không có bảo hành,Sản phẩm mới,Đầy đủ phụ kiện
1080x2340,6.6,55.0,50.0,3.0,Không có camera tele,Không có camera siêu rộng,Không có chống rung OIS,Có bảo hành,Sản phẩm mới,Đầy đủ phụ kiện
720x1640,6.88,16.0,50.0,1.0,Không có camera tele,Không có camera siêu rộng,Không có chống rung OIS,Có bảo hành,Sản phẩm mới,Đầy đủ phụ kiện
720x1640,6.56,1.0,13.0,1.0,Không có camera tele,Không có camera siêu rộng,Không có chống rung OIS,Không có bảo hành,Sản phẩm mới,Đầy đủ phụ kiện
,6.6,,50.0,1.0,Không có camera tele,Không có camera siêu rộng,Không có chống rung OIS,Không có bảo hành,Sản phẩm mới,Đầy đủ phụ kiện
1080x2412,6.7,5.0,64.0,3.0,Không có camera tele,Có camera siêu rộng,Không có chống rung OIS,Không có bảo hành,Sản phẩm mới,Đầy đủ phụ kiện
1440x3088,6.8,43.0,108.0,4.0,Không có camera tele,Có camera siêu rộng,Không có chống rung OIS,Có bảo hành,Sản phẩm mới,Đầy đủ phụ kiện
1080x2400,6.67,104.0,108.0,3.0,Không có camera tele,Không có camera siêu rộng,Không có chống rung OIS,Không có bảo hành,Sản phẩm mới,Đầy đủ phụ kiện
720x1650,6.71,,50.0,1.0,Không có camera tele,Không có camera siêu rộng,Không có chống rung OIS,Không có bảo hành,Sản phẩm mới,Đầy đủ phụ kiện
1612x720,6.6,10.0,50.0,1.0,Không có camera tele,Không có camera siêu rộng,Không có chống rung OIS,Không có bảo hành,Sản phẩm mới,Đầy đủ phụ kiện
1x5,6.78,16.0,50.0,1.0,Không có camera tele,Không có camera siêu rộng,Không có chống rung OIS,Có bảo hành,Sản phẩm mới,Đầy đủ phụ kiện
720x1612,6.56,1.0,50.0,1.0,Không có camera tele,Không có camera siêu rộng,Không có chống rung OIS,Có bảo hành,Sản phẩm mới,Đầy đủ phụ kiện
1440x3200,6.81,,50.0,3.0,Có camera tele,Có camera siêu rộng,Có chống rung OIS,Không có bảo hành,Sản phẩm mới,Đầy đủ phụ kiện
2160x1856,7.6,,50.0,3.0,Có camera tele,Có camera siêu rộng,Không có chống rung OIS,Không có bảo hành,Sản phẩm mới,Đầy đủ phụ kiện
2160x1856,7.6,,50.0,3.0,Có camera tele,Có camera siêu rộng,Không có chống rung OIS,Không có bảo hành,Sản phẩm mới,Đầy đủ phụ kiện
1080x2340,6.6,18.0,50.0,3.0,Không có camera tele,Có camera siêu rộng,Có chống rung OIS,Không có bảo hành,Sản phẩm mới,Đầy đủ phụ kiện
1792x828,6.1,23.0,12.0,1.0,Không có camera tele,Không có camera siêu rộng,Không có chống rung OIS,Không có bảo hành,Sản phẩm mới,Đầy đủ phụ kiện
2868x1320,6.9,13.0,48.0,3.0,Có camera tele,Có camera siêu rộng,Có chống rung OIS,Không có bảo hành,Sản phẩm mới,Đầy đủ phụ kiện
1080x2408,6.58,,50.0,3.0,Không có camera tele,Không có camera siêu rộng,Không có chống rung OIS,Không có bảo hành,Sản phẩm mới,Đầy đủ phụ kiện
720x1600,6.7,1.0,50.0,2.0,Không có camera tele,Không có camera siêu rộng,Không có chống rung OIS,Có bảo hành,Sản phẩm mới,Đầy đủ phụ kiện
,6.6,,50.0,3.0,Có camera tele,Có camera siêu rộng,Không có chống rung OIS,Không có bảo hành,Sản phẩm mới,Đầy đủ phụ kiện
720x1280,4.6,,23.0,1.0,Không có camera tele,Không có camera siêu rộng,Không có chống rung OIS,Không có bảo hành,Sản phẩm mới,Đầy đủ phụ kiện
1080x2400,6.67,8.0,50.0,2.0,Không có camera tele,Không có camera siêu rộng,Không có chống rung OIS,Có bảo hành,Sản phẩm mới,Đầy đủ phụ kiện
,6.9,,13.0,2.0,Không có camera tele,Có camera siêu rộng,Có chống rung OIS,Không có bảo hành,Sản phẩm mới,Đầy đủ phụ kiện
720x1600,6.7,18.0,50.0,2.0,Không có camera tele,Không có camera siêu rộng,Không có chống rung OIS,Có bảo hành,Sản phẩm mới,Đầy đủ phụ kiện
1240x2772,6.74,,64.0,3.0,Không có camera tele,Có camera siêu rộng,Không có chống rung OIS,Không có bảo hành,Sản phẩm mới,Đầy đủ phụ kiện
720x1600,6.74,4.0,50.0,1.0,Không có camera tele,Không có camera siêu rộng,Không có chống rung OIS,Không có bảo hành,Sản phẩm mới,Đầy đủ phụ kiện
1080x2400,6.67,20.0,50.0,3.0,Không có camera tele,Không có camera siêu rộng,Không có chống rung OIS,Không có bảo hành,Sản phẩm mới,Đầy đủ phụ kiện
1080x2400,6.67,17.0,108.0,4.0,Không có camera tele,Có camera siêu rộng,Không có chống rung OIS,Không có bảo hành,Sản phẩm mới,Đầy đủ phụ kiện
2796x1290,6.7,26.0,48.0,2.0,Có camera tele,Có camera siêu rộng,Có chống rung OIS,Không có bảo hành,Sản phẩm mới,Đầy đủ phụ kiện
720x1640,6.88,31.0,50.0,1.0,Không có camera tele,Không có camera siêu rộng,Không có chống rung OIS,Không có bảo hành,Sản phẩm mới,Đầy đủ phụ kiện
1206x2622,6.3,23.0,48.0,3.0,Không có camera tele,Không có camera siêu rộng,Không có chống rung OIS,Có bảo hành,Sản phẩm mới,Đầy đủ phụ kiện
1080x2400,6.67,40.0,200.0,3.0,Không có camera tele,Không có camera siêu rộng,Không có chống rung OIS,Không có bảo hành,Sản phẩm mới,Đầy đủ phụ kiện
1080x2400,6.7,,108.0,3.0,Không có camera tele,Có camera siêu rộng,Có chống rung OIS,Không có bảo hành,Sản phẩm mới,Đầy đủ phụ kiện
,6.78,,50.0,3.0,Có camera tele,Có camera siêu rộng,Có chống rung OIS,Không có bảo hành,Sản phẩm mới,Đầy đủ phụ kiện
1440x3200,6.66,,64.0,3.0,Không có camera tele,Có camera siêu rộng,Có chống rung OIS,Không có bảo hành,Sản phẩm mới,Đầy đủ phụ kiện
1612x720,6.56,,13.0,1.0,Không có camera tele,Không có camera siêu rộng,Không có chống rung OIS,Không có bảo hành,Sản phẩm mới,Đầy đủ phụ kiện
,7.9,,108.0,3.0,Không có camera tele,Không có camera siêu rộng,Không có chống rung OIS,Không có bảo hành,Sản phẩm mới,Đầy đủ phụ kiện
720x1612,6.56,,50.0,1.0,Không có camera tele,Không có camera siêu rộng,Không có chống rung OIS,Không có bảo hành,Sản phẩm mới,Đầy đủ phụ kiện
1080x2412,6.6,,50.0,3.0,Không có camera tele,Không có camera siêu rộng,Không có chống rung OIS,Không có bảo hành,Sản phẩm mới,Đầy đủ phụ kiện
1080x2400,6.72,6.0,50.0,2.0,Không có camera tele,Không có camera siêu rộng,Không có chống rung OIS,Không có bảo hành,Sản phẩm mới,Đầy đủ phụ kiện
1080x2460,6.78,28.0,64.0,2.0,Không có camera tele,Không có camera siêu rộng,Không có chống rung OIS,Không có bảo hành,Sản phẩm mới,Đầy đủ phụ kiện
1080x2640,6.7,6.0,12.0,2.0,Không có camera tele,Có camera siêu rộng,Có chống rung OIS,Không có bảo hành,Sản phẩm mới,Đầy đủ phụ kiện
1080x2400,6.5,23.0,50.0,4.0,Không có camera tele,Có camera siêu rộng,Không có chống rung OIS,Không có bảo hành,Sản phẩm mới,Đầy đủ phụ kiện
1080x2340,6.7,8.0,50.0,3.0,Không có camera tele,Không có camera siêu rộng,Không có chống rung OIS,Có bảo hành,Sản phẩm mới,Đầy đủ phụ kiện
1080x2640,6.7,9.0,12.0,2.0,Không có camera tele,Có camera siêu rộng,Có chống rung OIS,Không có bảo hành,Sản phẩm mới,Đầy đủ phụ kiện
720x1600,6.745,10.0,50.0,1.0,Không có camera tele,Không có camera siêu rộng,Không có chống rung OIS,Có bảo hành,Sản phẩm mới,Đầy đủ phụ kiện
1080x2400,6.72,12.0,64.0,2.0,Không có camera tele,Không có camera siêu rộng,Không có chống rung OIS,Không có bảo hành,Sản phẩm mới,Đầy đủ phụ kiện
1440x3216,6.7,,50.0,3.0,Không có camera tele,Không có camera siêu rộng,Không có chống rung OIS,Không có bảo hành,Sản phẩm mới,Đầy đủ phụ kiện
,6.7,,50.0,4.0,Không có camera tele,Không có camera siêu rộng,Không có chống rung OIS,Không có bảo hành,Sản phẩm mới,Đầy đủ phụ kiện
1080x2340,6.6,79.0,50.0,3.0,Không có camera tele,Không có camera siêu rộng,Không có chống rung OIS,Có bảo hành,Sản phẩm mới,Đầy đủ phụ kiện
720x1612,6.56,,48.0,2.0,Không có camera tele,Không có camera siêu rộng,Không có chống rung OIS,Không có bảo hành,Sản phẩm mới,Đầy đủ phụ kiện
720x1612,6.56,15.0,13.0,1.0,Không có camera tele,Không có camera siêu rộng,Không có chống rung OIS,Có bảo hành,Sản phẩm mới,Đầy đủ phụ kiện
1080x2400,6.78,,50.0,2.0,Không có camera tele,Có camera siêu rộng,Có chống rung OIS,Không có bảo hành,Sản phẩm mới,Đầy đủ phụ kiện
3200x1440,6.78,,50.0,3.0,Có camera tele,Có camera siêu rộng,Có chống rung OIS,Không có bảo hành,Sản phẩm mới,Đầy đủ phụ kiện
1080x2412,6.7,,50.0,3.0,Không có camera tele,Có camera siêu rộng,Có chống rung OIS,Không có bảo hành,Sản phẩm mới,Đầy đủ phụ kiện
1080x2340,6.39,1.0,24.0,3.0,Không có camera tele,Không có camera siêu rộng,Không có chống rung OIS,,,
2532x1170,6.1,1.0,12.0,2.0,Không có camera tele,Có camera siêu rộng,Không có chống rung OIS,Không có bảo hành,Sản phẩm mới,Đầy đủ phụ kiện
2778x1284,6.7,33.0,12.0,3.0,Có camera tele,Có camera siêu rộng,Không có chống rung OIS,Không có bảo hành,Sản phẩm mới,Đầy đủ phụ kiện
1608x720,6.68,,50.0,2.0,Không có camera tele,Không có camera siêu rộng,Không có chống rung OIS,Không có bảo hành,Sản phẩm mới,Đầy đủ phụ kiện
1080x2412,6.7,29.0,50.0,3.0,Không có camera tele,Không có camera siêu rộng,Không có chống rung OIS,Có bảo hành,Sản phẩm mới,Đầy đủ phụ kiện
,6.1,1.0,48.0,3.0,Không có camera tele,Không có camera siêu rộng,Không có chống rung OIS,Không có bảo hành,Sản phẩm mới,Đầy đủ phụ kiện
1080x2340,6.7,1.0,50.0,3.0,Không có camera tele,Không có camera siêu rộng,Không có chống rung OIS,Có bảo hành,Sản phẩm mới,Đầy đủ phụ kiện
1080x2400,6.66,,108.0,3.0,Không có camera tele,Không có camera siêu rộng,Không có chống rung OIS,Không có bảo hành,Sản phẩm mới,Đầy đủ phụ kiện
1080x2400,6.67,3.0,108.0,3.0,Không có camera tele,Có camera siêu rộng,Không có chống rung OIS,Không có bảo hành,Sản phẩm mới,Đầy đủ phụ kiện
1080x2400,6.67,21.0,50.0,2.0,Không có camera tele,Không có camera siêu rộng,Không có chống rung OIS,Có bảo hành,Sản phẩm mới,Đầy đủ phụ kiện
1080x2640,6.7,,50.0,2.0,Có camera tele,Có camera siêu rộng,Không có chống rung OIS,Không có bảo hành,Sản phẩm mới,Đầy đủ phụ kiện
,6.72,13.0,8.0,1.0,Không có camera tele,Có camera siêu rộng,Có chống rung OIS,Không có bảo hành,Sản phẩm mới,Đầy đủ phụ kiện
2652x1200,6.78,,50.0,3.0,Có camera tele,Có camera siêu rộng,Không có chống rung OIS,Không có bảo hành,Sản phẩm mới,Đầy đủ phụ kiện
1792x828,6.1,158.0,12.0,1.0,Không có camera tele,Có camera siêu rộng,Không có chống rung OIS,Không có bảo hành,Sản phẩm mới,Đầy đủ phụ kiện
1x5,6.7,5.0,50.0,3.0,Không có camera tele,Không có camera siêu rộng,Không có chống rung OIS,Có bảo hành,Sản phẩm mới,Đầy đủ phụ kiện
2x1440,6.9,14.0,200.0,4.0,Không có camera tele,Không có camera siêu rộng,Không có chống rung OIS,Có bảo hành,Sản phẩm mới,Đầy đủ phụ kiện
1080x2400,6.78,,50.0,3.0,Có camera tele,Không có camera siêu rộng,Có chống rung OIS,Không có bảo hành,Sản phẩm mới,Đầy đủ phụ kiện
,2.4,4.0,,,Không có camera tele,Không có camera siêu rộng,Không có chống rung OIS,Không có bảo hành,Sản phẩm mới,Đầy đủ phụ kiện
,,,64.0,1.0,Không có camera tele,Không có camera siêu rộng,Không có chống rung OIS,Không có bảo hành,Sản phẩm mới,Đầy đủ phụ kiện
,6.79,16.0,13.0,1.0,Không có camera tele,Không có camera siêu rộng,Không có chống rung OIS,Không có bảo hành,Sản phẩm mới,Đầy đủ phụ kiện
1220x2712,6.67,22.0,50.0,3.0,Có camera tele,Có camera siêu rộng,Không có chống rung OIS,Không có bảo hành,Sản phẩm mới,Đầy đủ phụ kiện
2556x1179,6.1,2.0,48.0,2.0,Có camera tele,Có camera siêu rộng,Có chống rung OIS,Không có bảo hành,Sản phẩm mới,Đầy đủ phụ kiện
720x1612,6.56,10.0,50.0,1.0,Không có camera tele,Không có camera siêu rộng,Không có chống rung OIS,Không có bảo hành,Sản phẩm mới,Đầy đủ phụ kiện
1080x2340,6.2,6.0,50.0,3.0,Có camera tele,Có camera siêu rộng,Có chống rung OIS,Không có bảo hành,Sản phẩm mới,Đầy đủ phụ kiện
1170x2532,6.1,645.0,12.0,1.0,Không có camera tele,Không có camera siêu rộng,Không có chống rung OIS,Có bảo hành,Sản phẩm mới,Đầy đủ phụ kiện
1440x3120,6.8,8.0,200.0,4.0,Có camera tele,Có camera siêu rộng,Có chống rung OIS,Không có bảo hành,Sản phẩm mới,Đầy đủ phụ kiện
1290x2796,6.7,47.0,,,,,,Có bảo hành,Sản phẩm mới,Đầy đủ phụ kiện
1080x2400,6.7,0.0,,,,,,Có bảo hành,Sản phẩm mới,Đầy đủ phụ kiện
2532x1170,6.1,320.0,12.0,2.0,Không có camera tele,Có camera siêu rộng,Không có chống rung OIS,Không có bảo hành,Sản phẩm mới,Đầy đủ phụ kiện
1080x2412,6.72,84.0,50.0,2.0,Không có camera tele,Không có camera siêu rộng,Không có chống rung OIS,Có bảo hành,Sản phẩm mới,Đầy đủ phụ kiện
1080x2436,6.78,29.0,50.0,2.0,Không có camera tele,Không có camera siêu rộng,Có chống rung OIS,Không có bảo hành,Sản phẩm mới,Đầy đủ phụ kiện
1080x2400,6.67,4.0,50.0,2.0,Không có camera tele,Không có camera siêu rộng,Có chống rung OIS,Không có bảo hành,Sản phẩm mới,Đầy đủ phụ kiện
720x1604,6.67,,8.0,1.0,Không có camera tele,Không có camera siêu rộng,Không có chống rung OIS,Không có bảo hành,Sản phẩm mới,Đầy đủ phụ kiện
2652x1200,6.78,,108.0,3.0,Không có camera tele,Có camera siêu rộng,Không có chống rung OIS,Không có bảo hành,Sản phẩm mới,Đầy đủ phụ kiện
1080x2400,6.7,,108.0,3.0,Không có camera tele,Có camera siêu rộng,Có chống rung OIS,Không có bảo hành,Sản phẩm mới,Đầy đủ phụ kiện
1080x2340,6.5,22.0,50.0,3.0,Không có camera tele,Không có camera siêu rộng,Không có chống rung OIS,Không có bảo hành,Sản phẩm mới,Đầy đủ phụ kiện
,6.78,12.0,108.0,1.0,Không có camera tele,Không có camera siêu rộng,Không có chống rung OIS,Không có bảo hành,Sản phẩm mới,Đầy đủ phụ kiện
2778x1284,6.7,26.0,12.0,2.0,Không có camera tele,Có camera siêu rộng,Không có chống rung OIS,Không có bảo hành,Sản phẩm mới,Đầy đủ phụ kiện
1080x2400,6.8,1.0,64.0,3.0,Không có camera tele,Có camera siêu rộng,Không có chống rung OIS,Không có bảo hành,Sản phẩm mới,Đầy đủ phụ kiện
3120x1440,6.7,1.0,50.0,3.0,Có camera tele,Có camera siêu rộng,Có chống rung OIS,Không có bảo hành,Sản phẩm mới,Đầy đủ phụ kiện
1080x2400,6.55,,108.0,3.0,Không có camera tele,Có camera siêu rộng,Có chống rung OIS,Không có bảo hành,Sản phẩm mới,Đầy đủ phụ kiện
2796x1290,6.7,15.0,48.0,3.0,Có camera tele,Có camera siêu rộng,Không có chống rung OIS,Không có bảo hành,Sản phẩm mới,Đầy đủ phụ kiện
2796x1290,6.7,4.0,48.0,3.0,Có camera tele,Có camera siêu rộng,Có chống rung OIS,Không có bảo hành,Sản phẩm mới,Đầy đủ phụ kiện
720x1600,6.74,33.0,13.0,1.0,Không có camera tele,Không có camera siêu rộng,Không có chống rung OIS,Có bảo hành,Sản phẩm mới,Đầy đủ phụ kiện
,6.5,,52.0,4.0,Không có camera tele,Không có camera siêu rộng,Không có chống rung OIS,Không có bảo hành,Sản phẩm mới,Đầy đủ phụ kiện
240x320,2.0,8.0,,,,,,Có bảo hành,Sản phẩm mới,Đầy đủ phụ kiện
1080x2460,6.78,1.0,108.0,2.0,Không có camera tele,Không có camera siêu rộng,Không có chống rung OIS,Không có bảo hành,Sản phẩm mới,Đầy đủ phụ kiện
,10.2,,50.0,3.0,Không có camera tele,Không có camera siêu rộng,Không có chống rung OIS,Không có bảo hành,Sản phẩm mới,Đầy đủ phụ kiện
2176x1812,7.6,,50.0,3.0,Có camera tele,Có camera siêu rộng,Có chống rung OIS,Không có bảo hành,Sản phẩm mới,Đầy đủ phụ kiện
720x1604,6.67,13.0,50.0,2.0,Không có camera tele,Không có camera siêu rộng,Không có chống rung OIS,Không có bảo hành,Sản phẩm mới,Đầy đủ phụ kiện
1220x2712,6.67,39.0,200.0,3.0,Không có camera tele,Không có camera siêu rộng,Không có chống rung OIS,Không có bảo hành,Sản phẩm mới,Đầy đủ phụ kiện
2268x2440,7.82,4.0,64.0,3.0,Có camera tele,Không có camera siêu rộng,Có chống rung OIS,Không có bảo hành,Sản phẩm mới,Đầy đủ phụ kiện
720x1612,6.56,26.0,50.0,2.0,Không có camera tele,Không có camera siêu rộng,Không có chống rung OIS,Có bảo hành,Sản phẩm mới,Đầy đủ phụ kiện
2670x1200,6.36,6.0,50.0,3.0,Có camera tele,Có camera siêu rộng,Có chống rung OIS,Không có bảo hành,Sản phẩm mới,Đầy đủ phụ kiện
1080x2400,6.5,63.0,12.0,3.0,Có camera tele,Có camera siêu rộng,Không có chống rung OIS,Không có bảo hành,Sản phẩm mới,Đầy đủ phụ kiện
176x220,2.0,49.0,,,,,,Có bảo hành,Sản phẩm mới,Đầy đủ phụ kiện
1x5,6.83,8.0,50.0,3.0,Không có camera tele,Không có camera siêu rộng,Không có chống rung OIS,Có bảo hành,Sản phẩm mới,Đầy đủ phụ kiện
720x1612,6.56,,50.0,2.0,Không có camera tele,Không có camera siêu rộng,Không có chống rung OIS,Không có bảo hành,Sản phẩm mới,Đầy đủ phụ kiện
1080x2400,6.43,6.0,108.0,3.0,Không có camera tele,Có camera siêu rộng,Không có chống rung OIS,Không có bảo hành,Sản phẩm mới,Đầy đủ phụ kiện
2556x1179,6.1,21.0,48.0,3.0,Có camera tele,Có camera siêu rộng,Có chống rung OIS,Không có bảo hành,Sản phẩm mới,Đầy đủ phụ kiện
1080x2436,6.78,31.0,108.0,2.0,Không có camera tele,Không có camera siêu rộng,Không có chống rung OIS,Không có bảo hành,Sản phẩm mới,Đầy đủ phụ kiện
1080x2400,6.67,17.0,50.0,2.0,Không có camera tele,Không có camera siêu rộng,Không có chống rung OIS,Có bảo hành,Sản phẩm mới,Đầy đủ phụ kiện
3040x1440,6.3,,16.0,2.0,Có camera tele,Không có camera siêu rộng,Có chống rung OIS,Không có bảo hành,Sản phẩm mới,Đầy đủ phụ kiện
2460x1080,6.79,,108.0,2.0,Không có camera tele,Không có camera siêu rộng,Không có chống rung OIS,Có bảo hành,Sản phẩm mới,Đầy đủ phụ kiện
720x1600,6.5,,13.0,2.0,Không có camera tele,Không có camera siêu rộng,Không có chống rung OIS,Không có bảo hành,Sản phẩm mới,Đầy đủ phụ kiện
,7.6,,48.0,3.0,Có camera tele,Có camera siêu rộng,Có chống rung OIS,Không có bảo hành,Sản phẩm mới,Đầy đủ phụ kiện
720x1600,6.5,,13.0,2.0,Không có camera tele,Không có camera siêu rộng,Không có chống rung OIS,Không có bảo hành,Sản phẩm mới,Đầy đủ phụ kiện
2868x1320,6.9,293.0,48.0,3.0,Có camera tele,Có camera siêu rộng,Có chống rung OIS,Không có bảo hành,Sản phẩm mới,Đầy đủ phụ kiện
1080x2400,6.67,,50.0,1.0,Không có camera tele,Không có camera siêu rộng,Không có chống rung OIS,Không có bảo hành,Sản phẩm mới,Đầy đủ phụ kiện
1080x2340,6.2,1.0,50.0,3.0,Không có camera tele,Không có camera siêu rộng,Không có chống rung OIS,Có bảo hành,Sản phẩm mới,Đầy đủ phụ kiện
720x1612,6.56,,8.0,2.0,Không có camera tele,Không có camera siêu rộng,Không có chống rung OIS,Có bảo hành,Sản phẩm mới,Đầy đủ phụ kiện
128x160,2.0,7.0,,,,,,Có bảo hành,Sản phẩm mới,Đầy đủ phụ kiện
1080x2460,6.6,,64.0,3.0,Không có camera tele,Có camera siêu rộng,Không có chống rung OIS,Không có bảo hành,Sản phẩm mới,Đầy đủ phụ kiện
1080x2400,6.67,32.0,108.0,4.0,Có camera tele,Có camera siêu rộng,Không có chống rung OIS,Không có bảo hành,Sản phẩm mới,Đầy đủ phụ kiện
1080x2400,6.67,57.0,50.0,3.0,Không có camera tele,Không có camera siêu rộng,Không có chống rung OIS,Không có bảo hành,Sản phẩm mới,Đầy đủ phụ kiện
2556x1179,6.1,10.0,48.0,2.0,Không có camera tele,Không có camera siêu rộng,Không có chống rung OIS,Không có bảo hành,Sản phẩm mới,Đầy đủ phụ kiện
,6.6,7.0,50.0,1.0,Không có camera tele,Không có camera siêu rộng,Không có chống rung OIS,Không có bảo hành,Sản phẩm mới,Đầy đủ phụ kiện
,6.66,1.0,48.0,3.0,Không có camera tele,Có camera siêu rộng,Có chống rung OIS,Không có bảo hành,Sản phẩm mới,Đầy đủ phụ kiện
1440x3200,6.66,4.0,54.0,3.0,Không có camera tele,Có camera siêu rộng,Có chống rung OIS,Không có bảo hành,Sản phẩm mới,Đầy đủ phụ kiện
1080x2400,6.67,47.0,108.0,3.0,Không có camera tele,Không có camera siêu rộng,Không có chống rung OIS,Không có bảo hành,Sản phẩm mới,Đầy đủ phụ kiện
1080x2412,6.3,,50.0,2.0,Không có camera tele,Không có camera siêu rộng,Không có chống rung OIS,Không có bảo hành,Sản phẩm mới,Đầy đủ phụ kiện
1x5,6.78,3.0,50.0,1.0,Không có camera tele,Không có camera siêu rộng,Không có chống rung OIS,Có bảo hành,Sản phẩm mới,Đầy đủ phụ kiện
,6.7,,108.0,4.0,Không có camera tele,Không có camera siêu rộng,Không có chống rung OIS,Không có bảo hành,Sản phẩm mới,Đầy đủ phụ kiện
1080x2340,6.7,24.0,50.0,3.0,Không có camera tele,Không có camera siêu rộng,Không có chống rung OIS,Có bảo hành,Sản phẩm mới,Đầy đủ phụ kiện
,6.9,0.0,200.0,4.0,Không có camera tele,Không có camera siêu rộng,Không có chống rung OIS,Có bảo hành,Sản phẩm mới,Đầy đủ phụ kiện
120x160,1.77,57.0,,,,,,Có bảo hành,Sản phẩm mới,Đầy đủ phụ kiện
,6.6,1.0,20.0,1.0,Không có camera tele,Không có camera siêu rộng,Không có chống rung OIS,Không có bảo hành,Sản phẩm mới,Đầy đủ phụ kiện
1080x2400,6.67,9.0,200.0,3.0,Không có camera tele,Không có camera siêu rộng,Không có chống rung OIS,Không có bảo hành,Sản phẩm mới,Đầy đủ phụ kiện
2712x1220,6.67,16.0,200.0,3.0,Không có camera tele,Có camera siêu rộng,Có chống rung OIS,Không có bảo hành,Sản phẩm mới,Đầy đủ phụ kiện
1440x3216,6.7,5.0,50.0,3.0,Có camera tele,Không có camera siêu rộng,Không có chống rung OIS,Không có bảo hành,Sản phẩm mới,Đầy đủ phụ kiện
720x1604,6.67,1.0,50.0,1.0,Không có camera tele,Không có camera siêu rộng,Không có chống rung OIS,Không có bảo hành,Sản phẩm mới,Đầy đủ phụ kiện
1080x2408,6.55,,50.0,3.0,Không có camera tele,Có camera siêu rộng,Có chống rung OIS,Không có bảo hành,Sản phẩm mới,Đầy đủ phụ kiện
720x1600,6.5,,50.0,3.0,Không có camera tele,Không có camera siêu rộng,Không có chống rung OIS,Không có bảo hành,Sản phẩm mới,Đầy đủ phụ kiện
,6.73,,64.0,3.0,Có camera tele,Có camera siêu rộng,Có chống rung OIS,Không có bảo hành,Sản phẩm mới,Đầy đủ phụ kiện
1080x2412,6.72,,50.0,2.0,Không có camera tele,Không có camera siêu rộng,Không có chống rung OIS,Không có bảo hành,Sản phẩm mới,Đầy đủ phụ kiện
2868x1320,6.9,33.0,48.0,3.0,Có camera tele,Có camera siêu rộng,Có chống rung OIS,Không có bảo hành,Sản phẩm mới,Đầy đủ phụ kiện
,,,64.0,3.0,Không có camera tele,Không có camera siêu rộng,Không có chống rung OIS,Không có bảo hành,Sản phẩm mới,Đầy đủ phụ kiện
1080x2388,6.81,,48.0,3.0,Không có camera tele,Không có camera siêu rộng,Không có chống rung OIS,Không có bảo hành,Sản phẩm mới,Đầy đủ phụ kiện
1256x2760,6.59,30.0,50.0,3.0,Có camera tele,Không có camera siêu rộng,Có chống rung OIS,Không có bảo hành,Sản phẩm mới,Đầy đủ phụ kiện
1080x2640,6.7,4.0,12.0,2.0,Không có camera tele,Có camera siêu rộng,Có chống rung OIS,Không có bảo hành,Sản phẩm mới,Đầy đủ phụ kiện
1290x2796,6.7,264.0,48.0,3.0,Không có camera tele,Không có camera siêu rộng,Không có chống rung OIS,Có bảo hành,Sản phẩm mới,Đầy đủ phụ kiện
1x5,6.59,2.0,50.0,1.0,Không có camera tele,Không có camera siêu rộng,Không có chống rung OIS,Có bảo hành,Sản phẩm mới,Đầy đủ phụ kiện
1080x2460,6.79,89.0,108.0,2.0,Không có camera tele,Không có camera siêu rộng,Không có chống rung OIS,Có bảo hành,Sản phẩm mới,Đầy đủ phụ kiện
720x1600,6.67,20.0,,,Không có camera tele,Không có camera siêu rộng,Không có chống rung OIS,Không có bảo hành,Sản phẩm mới,Đầy đủ phụ kiện
1440x3200,6.8,13.0,108.0,4.0,Có camera tele,Có camera siêu rộng,Không có chống rung OIS,Không có bảo hành,Sản phẩm mới,Đầy đủ phụ kiện
1080x2412,6.8,9.0,108.0,2.0,Không có camera tele,Không có camera siêu rộng,Không có chống rung OIS,Có bảo hành,Sản phẩm mới,Đầy đủ phụ kiện
1080x2408,6.72,29.0,50.0,2.0,Không có camera tele,Không có camera siêu rộng,Không có chống rung OIS,Có bảo hành,Sản phẩm mới,Đầy đủ phụ kiện
,6.78,,108.0,3.0,Không có camera tele,Không có camera siêu rộng,Không có chống rung OIS,Không có bảo hành,Sản phẩm mới,Đầy đủ phụ kiện
720x1612,6.6,3.0,50.0,1.0,Không có camera tele,Không có camera siêu rộng,Không có chống rung OIS,Không có bảo hành,Sản phẩm mới,Đầy đủ phụ kiện
2556x1179,6.1,72.0,48.0,2.0,Không có camera tele,Không có camera siêu rộng,Không có chống rung OIS,Không có bảo hành,Sản phẩm mới,Đầy đủ phụ kiện
1080x2340,6.5,,50.0,3.0,Không có camera tele,Không có camera siêu rộng,Không có chống rung OIS,Không có bảo hành,Sản phẩm mới,Đầy đủ phụ kiện
1080x2340,6.66,,48.0,3.0,Có camera tele,Có camera siêu rộng,Có chống rung OIS,Không có bảo hành,Sản phẩm mới,Đầy đủ phụ kiện
2x1440,6.7,,50.0,3.0,Không có camera tele,Không có camera siêu rộng,Không có chống rung OIS,Có bảo hành,Sản phẩm mới,Đầy đủ phụ kiện
1080x2340,6.6,75.0,48.0,3.0,Không có camera tele,Không có camera siêu rộng,Không có chống rung OIS,Có bảo hành,Sản phẩm mới,Đầy đủ phụ kiện
1440x3080,7.0,1.0,50.0,4.0,Có camera tele,Có camera siêu rộng,Có chống rung OIS,Có bảo hành,Sản phẩm mới,Đầy đủ phụ kiện
1080x2392,6.77,,50.0,3.0,Không có camera tele,Không có camera siêu rộng,Không có chống rung OIS,Không có bảo hành,Sản phẩm mới,Đầy đủ phụ kiện
1080x2400,6.43,6.0,50.0,2.0,Không có camera tele,Không có camera siêu rộng,Không có chống rung OIS,Không có bảo hành,Sản phẩm mới,Đầy đủ phụ kiện
1080x2340,6.6,0.0,,,,,,Có bảo hành,Sản phẩm mới,Đầy đủ phụ kiện
,6.6,,50.0,2.0,Không có camera tele,Không có camera siêu rộng,Không có chống rung OIS,Không có bảo hành,Sản phẩm mới,Đầy đủ phụ kiện
1080x2460,6.78,2.0,64.0,2.0,Không có camera tele,Không có camera siêu rộng,Không có chống rung OIS,Có bảo hành,Sản phẩm mới,Đầy đủ phụ kiện
2x1440,6.8,139.0,200.0,4.0,Không có camera tele,Không có camera siêu rộng,Không có chống rung OIS,Có bảo hành,Sản phẩm mới,Đầy đủ phụ kiện
1080x2400,6.72,5.0,50.0,2.0,Không có camera tele,Không có camera siêu rộng,Không có chống rung OIS,Không có bảo hành,Sản phẩm mới,Đầy đủ phụ kiện
1080x2340,6.7,,108.0,3.0,Có camera tele,Có camera siêu rộng,Có chống rung OIS,Không có bảo hành,Sản phẩm mới,Đầy đủ phụ kiện
2160x1856,7.6,22.0,50.0,3.0,Có camera tele,Có camera siêu rộng,Không có chống rung OIS,Không có bảo hành,Sản phẩm mới,Đầy đủ phụ kiện
3120x1440,6.9,1.0,200.0,4.0,Có camera tele,Có camera siêu rộng,Không có chống rung OIS,Không có bảo hành,Sản phẩm mới,Đầy đủ phụ kiện
1x5,6.67,22.0,200.0,3.0,Không có camera tele,Không có camera siêu rộng,Không có chống rung OIS,Có bảo hành,Sản phẩm mới,Đầy đủ phụ kiện
,,,64.0,3.0,Không có camera tele,Không có camera siêu rộng,Không có chống rung OIS,Không có bảo hành,Sản phẩm mới,Đầy đủ phụ kiện
720x1612,6.6,14.0,50.0,2.0,Không có camera tele,Không có camera siêu rộng,Không có chống rung OIS,Không có bảo hành,Sản phẩm mới,Đầy đủ phụ kiện
720x1600,6.74,2.0,8.0,1.0,Không có camera tele,Không có camera siêu rộng,Không có chống rung OIS,Có bảo hành,Sản phẩm mới,Đầy đủ phụ kiện
1080x2400,6.67,,50.0,2.0,Không có camera tele,Không có camera siêu rộng,Không có chống rung OIS,Không có bảo hành,Sản phẩm mới,Đầy đủ phụ kiện
1080x2340,6.7,1.0,50.0,3.0,Không có camera tele,Có camera siêu rộng,Không có chống rung OIS,Không có bảo hành,Sản phẩm mới,Đầy đủ phụ kiện
1612x720,6.56,7.0,50.0,2.0,Không có camera tele,Không có camera siêu rộng,Không có chống rung OIS,Không có bảo hành,Sản phẩm mới,Đầy đủ phụ kiện
720x1600,6.7,12.0,50.0,2.0,Không có camera tele,Không có camera siêu rộng,Không có chống rung OIS,Không có bảo hành,Sản phẩm mới,Đầy đủ phụ kiện
720x1600,6.51,,13.0,1.0,Không có camera tele,Không có camera siêu rộng,Không có chống rung OIS,Không có bảo hành,Sản phẩm mới,Đầy đủ phụ kiện
1080x2340,6.6,75.0,48.0,3.0,Không có camera tele,Không có camera siêu rộng,Không có chống rung OIS,Có bảo hành,Sản phẩm mới,Đầy đủ phụ kiện
1080x2388,6.7,,100.0,4.0,Không có camera tele,Không có camera siêu rộng,Không có chống rung OIS,Không có bảo hành,Sản phẩm mới,Đầy đủ phụ kiện
1284x2778,6.7,131.0,12.0,1.0,Không có camera tele,Không có camera siêu rộng,Không có chống rung OIS,Có bảo hành,Sản phẩm mới,Đầy đủ phụ kiện
720x1600,6.67,38.0,13.0,1.0,Không có camera tele,Không có camera siêu rộng,Không có chống rung OIS,Có bảo hành,Sản phẩm mới,Đầy đủ phụ kiện
720x1600,6.7,7.0,50.0,2.0,Không có camera tele,Không có camera siêu rộng,Không có chống rung OIS,Không có bảo hành,Sản phẩm mới,Đầy đủ phụ kiện
1440x3120,6.7,1.0,50.0,3.0,Không có camera tele,Không có camera siêu rộng,Không có chống rung OIS,,,
1080x2400,6.7,3.0,50.0,3.0,Không có camera tele,Có camera siêu rộng,Có chống rung OIS,Không có bảo hành,Sản phẩm mới,Đầy đủ phụ kiện
,6.6,,50.0,3.0,Có camera tele,Có camera siêu rộng,Không có chống rung OIS,Không có bảo hành,Sản phẩm mới,Đầy đủ phụ kiện
1220x2712,6.67,29.0,50.0,3.0,Có camera tele,Có camera siêu rộng,Không có chống rung OIS,Không có bảo hành,Sản phẩm mới,Đầy đủ phụ kiện
,6.7,10.0,50.0,3.0,Không có camera tele,Không có camera siêu rộng,Có chống rung OIS,Không có bảo hành,Sản phẩm mới,Đầy đủ phụ kiện
2556x1179,6.1,15.0,48.0,2.0,Có camera tele,Có camera siêu rộng,Có chống rung OIS,Không có bảo hành,Sản phẩm mới,Đầy đủ phụ kiện
2778x1284,6.7,6.0,12.0,2.0,Không có camera tele,Có camera siêu rộng,Không có chống rung OIS,Không có bảo hành,Sản phẩm mới,Đầy đủ phụ kiện
720x1612,6.56,9.0,50.0,1.0,Không có camera tele,Không có camera siêu rộng,Không có chống rung OIS,Không có bảo hành,Sản phẩm mới,Đầy đủ phụ kiện
,6.3,,200.0,1.0,Không có camera tele,Không có camera siêu rộng,Có chống rung OIS,Không có bảo hành,Sản phẩm mới,Đầy đủ phụ kiện
1080x2400,6.67,20.0,64.0,3.0,Không có camera tele,Có camera siêu rộng,Có chống rung OIS,Không có bảo hành,Sản phẩm mới,Đầy đủ phụ kiện
1080x2400,6.7,6.0,50.0,2.0,Không có camera tele,Không có camera siêu rộng,Không có chống rung OIS,Không có bảo hành,Sản phẩm mới,Đầy đủ phụ kiện
