DiscountedPrice,Resolution,ScreenSize,NumberOfReview,main_camera_mp,num_cameras,has_telephoto,has_ultrawide,has_ois,has_warranty,is_new_product,has_original_accessories,product_id
3450000,1080x2460,6.78,31.0,108.0,2.0,Không có camera tele,Không có camera siêu rộng,Không có chống rung OIS,Không có bảo hành,Sản phẩm mới,Đầy đủ phụ kiện,001
36790000,2868x1320,6.9,33.0,48.0,3.0,Có camera tele,Có camera siêu rộng,Có chống rung OIS,Không có bảo hành,Sản phẩm mới,Đầy đủ phụ kiện,003
126900000,1170x2532,6.1,147.0,12.0,1.0,Không có camera tele,Không có camera siêu rộng,Không có chống rung OIS,Có bảo hành,Sản phẩm mới,Đầy đủ phụ kiện,005
52900000,720x1610,6.77,10.0,108.0,2.0,Không có camera tele,Không có camera siêu rộng,Không có chống rung OIS,Có bảo hành,Sản phẩm mới,Đầy đủ phụ kiện,006
7990000,1792x828,6.1,158.0,12.0,1.0,Không có camera tele,Có camera siêu rộng,Không có chống rung OIS,Không có bảo hành,Sản phẩm mới,Đầy đủ phụ kiện,007
84900000,1080x2400,6.67,15.0,50.0,3.0,Không có camera tele,Không có camera siêu rộng,Không có chống rung OIS,Có bảo hành,Sản phẩm mới,Đầy đủ phụ kiện,008
25190000,2796x1290,6.7,6.0,48.0,2.0,Có camera tele,Có camera siêu rộng,Có chống rung OIS,Không có bảo hành,Sản phẩm mới,Đầy đủ phụ kiện,009
5500000,240x320,2.4,10.0,,,Không có camera tele,Không có camera siêu rộng,Không có chống rung OIS,Có bảo hành,Sản phẩm mới,Đầy đủ phụ kiện,011
8090000,1220x2712,6.67,39.0,200.0,3.0,Không có camera tele,Không có camera siêu rộng,Không có chống rung OIS,Không có bảo hành,Sản phẩm mới,Đầy đủ phụ kiện,012
4390000,1608x720,6.68,,50.0,1.0,Không có camera tele,Không có camera siêu rộng,Không có chống rung OIS,Không có bảo hành,Sản phẩm mới,Đầy đủ phụ kiện,014
12990000,1080x2400,6.7,28.0,108.0,4.0,Không có camera tele,Có camera siêu rộng,Có chống rung OIS,Không có bảo hành,Sản phẩm mới,Đầy đủ phụ kiện,015
Giá Liên Hệ,1440x3216,6.7,,50.0,4.0,Có camera tele,Có camera siêu rộng,Có chống rung OIS,Không có bảo hành,Sản phẩm mới,Đầy đủ phụ kiện,016
3590000,1080x2460,6.78,28.0,64.0,2.0,Không có camera tele,Không có camera siêu rộng,Không có chống rung OIS,Không có bảo hành,Sản phẩm mới,Đầy đủ phụ kiện,017
2300000,720x1612,6.6,3.0,50.0,1.0,Không có camera tele,Không có camera siêu rộng,Không có chống rung OIS,Không có bảo hành,Sản phẩm mới,Đầy đủ phụ kiện,018
6200000,176x220,2.0,49.0,,,,,,Có bảo hành,Sản phẩm mới,Đầy đủ phụ kiện,020
22690000,2340x1080,6.2,,50.0,3.0,Có camera tele,Có camera siêu rộng,Không có chống rung OIS,Không có bảo hành,Sản phẩm mới,Đầy đủ phụ kiện,021
14890000,1080x2340,6.4,7.0,50.0,3.0,Không có camera tele,Không có camera siêu rộng,Không có chống rung OIS,Không có bảo hành,Sản phẩm mới,Đầy đủ phụ kiện,022
369900000,2156x2344,7.92,1.0,50.0,3.0,Không có camera tele,Không có camera siêu rộng,Không có chống rung OIS,Có bảo hành,Sản phẩm mới,Đầy đủ phụ kiện,024
14990000,2532x1170,6.1,4.0,12.0,2.0,Không có camera tele,Có camera siêu rộng,Không có chống rung OIS,Không có bảo hành,Sản phẩm mới,Đầy đủ phụ kiện,025
Giá Liên Hệ,3200x1440,6.66,,48.0,3.0,Không có camera tele,Không có camera siêu rộng,Có chống rung OIS,Không có bảo hành,Sản phẩm mới,Đầy đủ phụ kiện,027
22190000,2556x1179,6.1,15.0,48.0,2.0,Có camera tele,Có camera siêu rộng,Có chống rung OIS,Không có bảo hành,Sản phẩm mới,Đầy đủ phụ kiện,028
35490000,3120x1440,6.9,1.0,200.0,4.0,Có camera tele,Có camera siêu rộng,Không có chống rung OIS,Không có bảo hành,Sản phẩm mới,Đầy đủ phụ kiện,029
Giá Liên Hệ,1080x2400,6.66,,50.0,2.0,Không có camera tele,Không có camera siêu rộng,Không có chống rung OIS,Không có bảo hành,Sản phẩm mới,Đầy đủ phụ kiện,030
Giá Liên Hệ,1440x3200,6.78,,50.0,3.0,Có camera tele,Có camera siêu rộng,Không có chống rung OIS,Không có bảo hành,Sản phẩm mới,Đầy đủ phụ kiện,031
2090000,,6.67,11.0,13.0,1.0,Không có camera tele,Không có camera siêu rộng,Không có chống rung OIS,Không có bảo hành,Sản phẩm mới,Đầy đủ phụ kiện,032
Giá Liên Hệ,1080x2412,6.56,,50.0,2.0,Không có camera tele,Không có camera siêu rộng,Không có chống rung OIS,Không có bảo hành,Sản phẩm mới,Đầy đủ phụ kiện,033
113900000,1080x2340,6.7,4.0,50.0,3.0,Không có camera tele,Không có camera siêu rộng,Không có chống rung OIS,Có bảo hành,Sản phẩm mới,Đầy đủ phụ kiện,034
4990000,1080x2340,6.5,22.0,50.0,3.0,Không có camera tele,Không có camera siêu rộng,Không có chống rung OIS,Không có bảo hành,Sản phẩm mới,Đầy đủ phụ kiện,035
3190000,1080x2400,6.5,23.0,50.0,4.0,Không có camera tele,Có camera siêu rộng,Không có chống rung OIS,Không có bảo hành,Sản phẩm mới,Đầy đủ phụ kiện,036
7490000,,6.7,8.0,50.0,3.0,Không có camera tele,Không có camera siêu rộng,Không có chống rung OIS,Không có bảo hành,Sản phẩm mới,Đầy đủ phụ kiện,037
329900000,2x1440,6.73,,200.0,4.0,Không có camera tele,Không có camera siêu rộng,Không có chống rung OIS,Có bảo hành,Sản phẩm mới,Đầy đủ phụ kiện,038
2590000,720x1640,6.9,,50.0,2.0,Không có camera tele,Không có camera siêu rộng,Không có chống rung OIS,Không có bảo hành,Sản phẩm mới,Đầy đủ phụ kiện,039
53900000,1080x2412,6.72,84.0,50.0,2.0,Không có camera tele,Không có camera siêu rộng,Không có chống rung OIS,Có bảo hành,Sản phẩm mới,Đầy đủ phụ kiện,040
20190000,1080x2340,6.2,1.0,50.0,3.0,Có camera tele,Có camera siêu rộng,Có chống rung OIS,Không có bảo hành,Sản phẩm mới,Đầy đủ phụ kiện,041
25990000,1080x2640,6.7,4.0,12.0,2.0,Không có camera tele,Có camera siêu rộng,Có chống rung OIS,Không có bảo hành,Sản phẩm mới,Đầy đủ phụ kiện,044
11490000,1080x2640,6.7,6.0,12.0,2.0,Không có camera tele,Có camera siêu rộng,Có chống rung OIS,Không có bảo hành,Sản phẩm mới,Đầy đủ phụ kiện,045
22590000,2796x1290,6.7,17.0,48.0,2.0,Không có camera tele,Không có camera siêu rộng,Không có chống rung OIS,Không có bảo hành,Sản phẩm mới,Đầy đủ phụ kiện,046
Giá Liên Hệ,1600x720,6.74,,50.0,2.0,Không có camera tele,Không có camera siêu rộng,Không có chống rung OIS,Không có bảo hành,Sản phẩm mới,Đầy đủ phụ kiện,047
5190000,720x1612,6.56,2.0,50.0,2.0,Không có camera tele,Không có camera siêu rộng,Không có chống rung OIS,Không có bảo hành,Sản phẩm mới,Đầy đủ phụ kiện,049
Giá Liên Hệ,1080x2400,6.66,,200.0,3.0,Không có camera tele,Có camera siêu rộng,Có chống rung OIS,Không có bảo hành,Sản phẩm mới,Đầy đủ phụ kiện,050
3990000,720x1612,6.56,,50.0,2.0,Không có camera tele,Không có camera siêu rộng,Không có chống rung OIS,Không có bảo hành,Sản phẩm mới,Đầy đủ phụ kiện,051
5690000,1608x720,6.68,,50.0,2.0,Không có camera tele,Không có camera siêu rộng,Không có chống rung OIS,Không có bảo hành,Sản phẩm mới,Đầy đủ phụ kiện,052
99900000,1080x2400,6.67,44.0,50.0,3.0,Không có camera tele,Không có camera siêu rộng,Không có chống rung OIS,Có bảo hành,Sản phẩm mới,Đầy đủ phụ kiện,053
28990000,,6.9,0.0,200.0,4.0,Không có camera tele,Không có camera siêu rộng,Không có chống rung OIS,Có bảo hành,Sản phẩm mới,Đầy đủ phụ kiện,056
5790000,1080x2400,6.67,40.0,200.0,3.0,Không có camera tele,Không có camera siêu rộng,Không có chống rung OIS,Không có bảo hành,Sản phẩm mới,Đầy đủ phụ kiện,057
Giá Liên Hệ,,7.1,2.0,50.0,3.0,Có camera tele,Có camera siêu rộng,Có chống rung OIS,Không có bảo hành,Sản phẩm mới,Đầy đủ phụ kiện,058
Giá Liên Hệ,1080x2400,6.5,,48.0,3.0,Không có camera tele,Không có camera siêu rộng,Không có chống rung OIS,Không có bảo hành,Sản phẩm mới,Đầy đủ phụ kiện,060
11590000,2532x1170,6.1,320.0,12.0,2.0,Không có camera tele,Có camera siêu rộng,Không có chống rung OIS,Không có bảo hành,Sản phẩm mới,Đầy đủ phụ kiện,061
Giá Liên Hệ,,6.4,,200.0,3.0,Có camera tele,Có camera siêu rộng,Không có chống rung OIS,Không có bảo hành,Sản phẩm mới,Đầy đủ phụ kiện,062
Giá Liên Hệ,1080x2400,6.66,1.0,64.0,3.0,Không có camera tele,Có camera siêu rộng,Không có chống rung OIS,Không có bảo hành,Sản phẩm mới,Đầy đủ phụ kiện,063
2690000,720x1612,6.6,0.0,50.0,2.0,Không có camera tele,Không có camera siêu rộng,Không có chống rung OIS,Không có bảo hành,Sản phẩm mới,Đầy đủ phụ kiện,065
32900000,720x1612,6.56,15.0,13.0,1.0,Không có camera tele,Không có camera siêu rộng,Không có chống rung OIS,Có bảo hành,Sản phẩm mới,Đầy đủ phụ kiện,066
Giá Liên Hệ,720x1600,6.5,,13.0,2.0,Không có camera tele,Không có camera siêu rộng,Không có chống rung OIS,Không có bảo hành,Sản phẩm mới,Đầy đủ phụ kiện,067
Giá Liên Hệ,720x1600,6.5,,50.0,3.0,Không có camera tele,Không có camera siêu rộng,Không có chống rung OIS,Không có bảo hành,Sản phẩm mới,Đầy đủ phụ kiện,068
49900000,1080x2340,6.5,84.0,50.0,3.0,Không có camera tele,Không có camera siêu rộng,Không có chống rung OIS,Có bảo hành,Sản phẩm mới,Đầy đủ phụ kiện,069
Giá Liên Hệ,,6.3,,64.0,3.0,Có camera tele,Có camera siêu rộng,Không có chống rung OIS,Không có bảo hành,Sản phẩm mới,Đầy đủ phụ kiện,071
42900000,1080x2460,6.79,5.0,108.0,2.0,Không có camera tele,Không có camera siêu rộng,Không có chống rung OIS,Có bảo hành,Sản phẩm mới,Đầy đủ phụ kiện,073
Giá Liên Hệ,,,,64.0,1.0,Không có camera tele,Không có camera siêu rộng,Không có chống rung OIS,Không có bảo hành,Sản phẩm mới,Đầy đủ phụ kiện,074
6990000,1080x2400,6.72,5.0,50.0,2.0,Không có camera tele,Không có camera siêu rộng,Không có chống rung OIS,Không có bảo hành,Sản phẩm mới,Đầy đủ phụ kiện,075
4590000,1080x2400,6.4,10.0,108.0,2.0,Không có camera tele,Không có camera siêu rộng,Không có chống rung OIS,Không có bảo hành,Sản phẩm mới,Đầy đủ phụ kiện,076
7990000,1170x2532,6.1,76.0,12.0,2.0,Không có camera tele,Có camera siêu rộng,Có chống rung OIS,Không có bảo hành,Sản phẩm mới,Đầy đủ phụ kiện,077
18950000,1290x2796,6.7,47.0,,,,,,Có bảo hành,Sản phẩm mới,Đầy đủ phụ kiện,078
Giá Liên Hệ,1080x2460,6.78,1.0,108.0,2.0,Không có camera tele,Không có camera siêu rộng,Không có chống rung OIS,Không có bảo hành,Sản phẩm mới,Đầy đủ phụ kiện,079
3990000,720x1600,6.7,0.0,2.0,1.0,Không có camera tele,Không có camera siêu rộng,Không có chống rung OIS,Có bảo hành,Sản phẩm mới,Đầy đủ phụ kiện,080
22990000,2670x1200,6.36,6.0,50.0,3.0,Có camera tele,Có camera siêu rộng,Có chống rung OIS,Không có bảo hành,Sản phẩm mới,Đầy đủ phụ kiện,083
Giá Liên Hệ,,6.78,,50.0,3.0,Có camera tele,Có camera siêu rộng,Có chống rung OIS,Không có bảo hành,Sản phẩm mới,Đầy đủ phụ kiện,084
Giá Liên Hệ,,6.7,,200.0,3.0,Không có camera tele,Có camera siêu rộng,Không có chống rung OIS,Không có bảo hành,Sản phẩm mới,Đầy đủ phụ kiện,087
4590000,720x1604,6.67,10.0,50.0,1.0,Không có camera tele,Không có camera siêu rộng,Không có chống rung OIS,Không có bảo hành,Sản phẩm mới,Đầy đủ phụ kiện,090
750000,,1.77,18.0,,,Không có camera tele,Không có camera siêu rộng,Không có chống rung OIS,Không có bảo hành,Sản phẩm mới,Đầy đủ phụ kiện,091
Giá Liên Hệ,1080x2340,6.5,,50.0,3.0,Không có camera tele,Có camera siêu rộng,Có chống rung OIS,Không có bảo hành,Sản phẩm mới,Đầy đủ phụ kiện,093
Giá Liên Hệ,1080x2400,6.66,1.0,64.0,3.0,Không có camera tele,Có camera siêu rộng,Không có chống rung OIS,Không có bảo hành,Sản phẩm mới,Đầy đủ phụ kiện,094
18990000,2778x1284,6.7,6.0,12.0,2.0,Không có camera tele,Có camera siêu rộng,Không có chống rung OIS,Không có bảo hành,Sản phẩm mới,Đầy đủ phụ kiện,095
16990000,1220x2712,6.67,58.0,50.0,3.0,Có camera tele,Có camera siêu rộng,Không có chống rung OIS,Không có bảo hành,Sản phẩm mới,Đầy đủ phụ kiện,096
19990000,1080x2340,6.6,2.0,50.0,3.0,Có camera tele,Có camera siêu rộng,Có chống rung OIS,Không có bảo hành,Sản phẩm mới,Đầy đủ phụ kiện,097
159900000,1080x2340,6.2,51.0,50.0,3.0,Không có camera tele,Không có camera siêu rộng,Không có chống rung OIS,Có bảo hành,Sản phẩm mới,Đầy đủ phụ kiện,098
Giá Liên Hệ,,6.78,,,,Không có camera tele,Không có camera siêu rộng,Không có chống rung OIS,Không có bảo hành,Sản phẩm mới,Đầy đủ phụ kiện,099
Giá Liên Hệ,1080x2400,6.4,,50.0,2.0,Không có camera tele,Có camera siêu rộng,Có chống rung OIS,Không có bảo hành,Sản phẩm mới,Đầy đủ phụ kiện,102
2790000,720x1600,6.7,15.0,50.0,2.0,Không có camera tele,Không có camera siêu rộng,Không có chống rung OIS,Không có bảo hành,Sản phẩm mới,Đầy đủ phụ kiện,103
Giá Liên Hệ,1080x2400,6.66,1.0,64.0,3.0,Không có camera tele,Không có camera siêu rộng,Không có chống rung OIS,Không có bảo hành,Sản phẩm mới,Đầy đủ phụ kiện,104
3037000,720x1600,6.7,1.0,50.0,2.0,Không có camera tele,Không có camera siêu rộng,Không có chống rung OIS,Có bảo hành,Sản phẩm mới,Đầy đủ phụ kiện,105
Giá Liên Hệ,1080x2388,6.81,,48.0,3.0,Không có camera tele,Không có camera siêu rộng,Không có chống rung OIS,Không có bảo hành,Sản phẩm mới,Đầy đủ phụ kiện,106
249900000,1x5,6.36,2.0,50.0,1.0,Không có camera tele,Không có camera siêu rộng,Không có chống rung OIS,Có bảo hành,Sản phẩm mới,Đầy đủ phụ kiện,107
Giá Liên Hệ,1080x2400,6.1,,12.0,2.0,Không có camera tele,Có camera siêu rộng,Có chống rung OIS,Không có bảo hành,Sản phẩm mới,Đầy đủ phụ kiện,108
5600000,,3.0,19.0,,,Không có camera tele,Không có camera siêu rộng,Không có chống rung OIS,Có bảo hành,Sản phẩm mới,Đầy đủ phụ kiện,110
1550000,,2.4,7.0,2.0,1.0,Không có camera tele,Không có camera siêu rộng,Không có chống rung OIS,Không có bảo hành,Sản phẩm mới,Đầy đủ phụ kiện,111
2990000,1612x720,6.56,,13.0,1.0,Không có camera tele,Không có camera siêu rộng,Không có chống rung OIS,Không có bảo hành,Sản phẩm mới,Đầy đủ phụ kiện,113
76900000,1080x2412,6.7,57.0,108.0,3.0,Không có camera tele,Không có camera siêu rộng,Không có chống rung OIS,Có bảo hành,Sản phẩm mới,Đầy đủ phụ kiện,115
3690000,720x1600,6.7,7.0,50.0,2.0,Không có camera tele,Không có camera siêu rộng,Không có chống rung OIS,Không có bảo hành,Sản phẩm mới,Đầy đủ phụ kiện,116
28090000,2622x1206,6.3,31.0,48.0,3.0,Có camera tele,Có camera siêu rộng,Có chống rung OIS,Không có bảo hành,Sản phẩm mới,Đầy đủ phụ kiện,118
8290000,1080x2400,6.7,23.0,50.0,3.0,Không có camera tele,Có camera siêu rộng,Có chống rung OIS,Không có bảo hành,Sản phẩm mới,Đầy đủ phụ kiện,119
72900000,1080x2400,6.67,1.0,108.0,3.0,Không có camera tele,Không có camera siêu rộng,Không có chống rung OIS,Có bảo hành,Sản phẩm mới,Đầy đủ phụ kiện,120
30990000,1440x3200,6.8,13.0,108.0,4.0,Có camera tele,Có camera siêu rộng,Không có chống rung OIS,Không có bảo hành,Sản phẩm mới,Đầy đủ phụ kiện,121
3290000,1080x2400,6.7,2.0,50.0,3.0,Không có camera tele,Không có camera siêu rộng,Không có chống rung OIS,Không có bảo hành,Sản phẩm mới,Đầy đủ phụ kiện,122
3390000,720x1600,6.74,2.0,50.0,1.0,Không có camera tele,Không có camera siêu rộng,Không có chống rung OIS,Không có bảo hành,Sản phẩm mới,Đầy đủ phụ kiện,123
7390000,1220x2712,6.67,22.0,200.0,3.0,Không có camera tele,Không có camera siêu rộng,Không có chống rung OIS,Không có bảo hành,Sản phẩm mới,Đầy đủ phụ kiện,124
Giá Liên Hệ,720x1612,6.56,,48.0,2.0,Không có camera tele,Không có camera siêu rộng,Không có chống rung OIS,Không có bảo hành,Sản phẩm mới,Đầy đủ phụ kiện,125
Giá Liên Hệ,,6.71,,50.0,3.0,Không có camera tele,Không có camera siêu rộng,Không có chống rung OIS,Không có bảo hành,Sản phẩm mới,Đầy đủ phụ kiện,128
7290000,1080x2400,6.4,11.0,48.0,4.0,Không có camera tele,Có camera siêu rộng,Không có chống rung OIS,Không có bảo hành,Sản phẩm mới,Đầy đủ phụ kiện,130
16790000,1080x2340,6.2,6.0,50.0,3.0,Có camera tele,Có camera siêu rộng,Có chống rung OIS,Không có bảo hành,Sản phẩm mới,Đầy đủ phụ kiện,131
179900000,1284x2778,6.7,131.0,12.0,1.0,Không có camera tele,Không có camera siêu rộng,Không có chống rung OIS,Có bảo hành,Sản phẩm mới,Đầy đủ phụ kiện,132
530000,,2.4,4.0,,,Không có camera tele,Không có camera siêu rộng,Không có chống rung OIS,Không có bảo hành,Sản phẩm mới,Đầy đủ phụ kiện,133
5729000,1080x2340,,1.0,2.0,1.0,Không có camera tele,Không có camera siêu rộng,Không có chống rung OIS,Có bảo hành,Sản phẩm mới,Đầy đủ phụ kiện,134
12790000,1080x2400,6.7,6.0,50.0,2.0,Không có camera tele,Không có camera siêu rộng,Không có chống rung OIS,Không có bảo hành,Sản phẩm mới,Đầy đủ phụ kiện,135
4490000,1080x2400,6.67,3.0,48.0,3.0,Không có camera tele,Có camera siêu rộng,Không có chống rung OIS,Không có bảo hành,Sản phẩm mới,Đầy đủ phụ kiện,136
7000000,240x320,2.8,109.0,,,Không có camera tele,Không có camera siêu rộng,Không có chống rung OIS,Có bảo hành,Sản phẩm mới,Đầy đủ phụ kiện,137
Giá Liên Hệ,1080x2408,6.55,,50.0,3.0,Không có camera tele,Có camera siêu rộng,Có chống rung OIS,Không có bảo hành,Sản phẩm mới,Đầy đủ phụ kiện,138
2490000,720x1612,6.56,9.0,50.0,1.0,Không có camera tele,Không có camera siêu rộng,Không có chống rung OIS,Không có bảo hành,Sản phẩm mới,Đầy đủ phụ kiện,140
8690000,1080x2400,6.67,20.0,50.0,3.0,Không có camera tele,Không có camera siêu rộng,Không có chống rung OIS,Không có bảo hành,Sản phẩm mới,Đầy đủ phụ kiện,142
16490000,1080x2520,6.8,4.0,50.0,3.0,Có camera tele,Không có camera siêu rộng,Có chống rung OIS,Không có bảo hành,Sản phẩm mới,Đầy đủ phụ kiện,143
Giá Liên Hệ,,6.7,,50.0,2.0,Có camera tele,Không có camera siêu rộng,Có chống rung OIS,Không có bảo hành,Sản phẩm mới,Đầy đủ phụ kiện,144
32990000,3200x1440,6.73,6.0,200.0,4.0,Có camera tele,Có camera siêu rộng,Có chống rung OIS,Không có bảo hành,Sản phẩm mới,Đầy đủ phụ kiện,145
29990000,2176x1812,7.6,5.0,50.0,3.0,Có camera tele,Có camera siêu rộng,Có chống rung OIS,Không có bảo hành,Sản phẩm mới,Đầy đủ phụ kiện,146
Giá Liên Hệ,1240x2772,6.74,2.0,50.0,3.0,Có camera tele,Có camera siêu rộng,Có chống rung OIS,Không có bảo hành,Sản phẩm mới,Đầy đủ phụ kiện,147
309900000,2x2268,7.82,,64.0,3.0,Không có camera tele,Không có camera siêu rộng,Không có chống rung OIS,Có bảo hành,Sản phẩm mới,Đầy đủ phụ kiện,148
19290000,2796x1290,6.7,54.0,48.0,2.0,Không có camera tele,Không có camera siêu rộng,Không có chống rung OIS,Không có bảo hành,Sản phẩm mới,Đầy đủ phụ kiện,149
45990000,2160x1856,7.6,,50.0,3.0,Có camera tele,Có camera siêu rộng,Không có chống rung OIS,Không có bảo hành,Sản phẩm mới,Đầy đủ phụ kiện,150
2990000,1612x720,6.56,,13.0,2.0,Không có camera tele,Không có camera siêu rộng,Không có chống rung OIS,Có bảo hành,Sản phẩm mới,Đầy đủ phụ kiện,151
2790000,1080x2408,6.6,22.0,50.0,2.0,Không có camera tele,Không có camera siêu rộng,Không có chống rung OIS,Không có bảo hành,Sản phẩm mới,Đầy đủ phụ kiện,152
159900000,1x5,6.67,44.0,50.0,3.0,Không có camera tele,Không có camera siêu rộng,Không có chống rung OIS,Có bảo hành,Sản phẩm mới,Đầy đủ phụ kiện,154
6490000,1080x2400,6.67,,50.0,2.0,Không có camera tele,Không có camera siêu rộng,Không có chống rung OIS,Không có bảo hành,Sản phẩm mới,Đầy đủ phụ kiện,155
6590000,1080x2340,6.6,18.0,50.0,3.0,Không có camera tele,Có camera siêu rộng,Có chống rung OIS,Không có bảo hành,Sản phẩm mới,Đầy đủ phụ kiện,156
9190000,,6.7,10.0,50.0,3.0,Không có camera tele,Không có camera siêu rộng,Có chống rung OIS,Không có bảo hành,Sản phẩm mới,Đầy đủ phụ kiện,157
Giá Liên Hệ,,6.7,1.0,50.0,3.0,Có camera tele,Không có camera siêu rộng,Có chống rung OIS,Không có bảo hành,Sản phẩm mới,Đầy đủ phụ kiện,158
259900000,1080x2640,6.7,3.0,50.0,2.0,Không có camera tele,Không có camera siêu rộng,Không có chống rung OIS,Có bảo hành,Sản phẩm mới,Đầy đủ phụ kiện,159
305900000,1320x2868,6.9,129.0,48.0,3.0,Không có camera tele,Không có camera siêu rộng,Không có chống rung OIS,Có bảo hành,Sản phẩm mới,Đầy đủ phụ kiện,160
Giá Liên Hệ,720x1612,6.74,,48.0,4.0,Không có camera tele,Không có camera siêu rộng,Không có chống rung OIS,Không có bảo hành,Sản phẩm mới,Đầy đủ phụ kiện,161
Giá Liên Hệ,1116x2480,6.8,2.0,50.0,3.0,Không có camera tele,Không có camera siêu rộng,Có chống rung OIS,Không có bảo hành,Sản phẩm mới,Đầy đủ phụ kiện,162
79900000,1080x2400,6.67,8.0,50.0,2.0,Không có camera tele,Không có camera siêu rộng,Không có chống rung OIS,Có bảo hành,Sản phẩm mới,Đầy đủ phụ kiện,163
27990000,2176x1812,7.6,,50.0,3.0,Có camera tele,Có camera siêu rộng,Có chống rung OIS,Không có bảo hành,Sản phẩm mới,Đầy đủ phụ kiện,164
9690000,1080x2340,6.7,4.0,50.0,3.0,Không có camera tele,Không có camera siêu rộng,Không có chống rung OIS,Không có bảo hành,Sản phẩm mới,Đầy đủ phụ kiện,165
Giá Liên Hệ,1080x2388,6.7,,100.0,4.0,Không có camera tele,Không có camera siêu rộng,Không có chống rung OIS,Không có bảo hành,Sản phẩm mới,Đầy đủ phụ kiện,166
15990000,1080x2408,6.7,0.0,,,,,,Có bảo hành,Sản phẩm mới,Đầy đủ phụ kiện,167
Giá Liên Hệ,1440x3120,6.7,,50.0,3.0,Có camera tele,Có camera siêu rộng,Có chống rung OIS,Không có bảo hành,Sản phẩm mới,Đầy đủ phụ kiện,169
2990000,720x1640,6.88,31.0,50.0,1.0,Không có camera tele,Không có camera siêu rộng,Không có chống rung OIS,Không có bảo hành,Sản phẩm mới,Đầy đủ phụ kiện,170
Giá Liên Hệ,1080x2400,6.7,,108.0,3.0,Không có camera tele,Có camera siêu rộng,Có chống rung OIS,Không có bảo hành,Sản phẩm mới,Đầy đủ phụ kiện,171
Giá Liên Hệ,,10.2,,50.0,3.0,Không có camera tele,Không có camera siêu rộng,Không có chống rung OIS,Không có bảo hành,Sản phẩm mới,Đầy đủ phụ kiện,172
2090000,1612x720,6.6,10.0,50.0,1.0,Không có camera tele,Không có camera siêu rộng,Không có chống rung OIS,Không có bảo hành,Sản phẩm mới,Đầy đủ phụ kiện,173
Giá Liên Hệ,1080x2400,6.43,2.0,64.0,3.0,Không có camera tele,Có camera siêu rộng,Không có chống rung OIS,Không có bảo hành,Sản phẩm mới,Đầy đủ phụ kiện,174
7000000,240x320,2.0,8.0,,,,,,Có bảo hành,Sản phẩm mới,Đầy đủ phụ kiện,175
2390000,720x1600,6.74,16.0,50.0,1.0,Không có camera tele,Không có camera siêu rộng,Không có chống rung OIS,Không có bảo hành,Sản phẩm mới,Đầy đủ phụ kiện,176
Giá Liên Hệ,,6.6,,50.0,1.0,Không có camera tele,Không có camera siêu rộng,Không có chống rung OIS,Không có bảo hành,Sản phẩm mới,Đầy đủ phụ kiện,177
2990000,720x1612,6.56,22.0,50.0,2.0,Không có camera tele,Không có camera siêu rộng,Không có chống rung OIS,Có bảo hành,Sản phẩm mới,Đầy đủ phụ kiện,178
Giá Liên Hệ,1080x2640,6.7,9.0,12.0,2.0,Không có camera tele,Có camera siêu rộng,Có chống rung OIS,Không có bảo hành,Sản phẩm mới,Đầy đủ phụ kiện,179
Giá Liên Hệ,1080x2340,6.7,1.0,50.0,2.0,Không có camera tele,Không có camera siêu rộng,Không có chống rung OIS,Không có bảo hành,Sản phẩm mới,Đầy đủ phụ kiện,181
6990000,,6.9,0.0,200.0,4.0,Không có camera tele,Không có camera siêu rộng,Không có chống rung OIS,Có bảo hành,Sản phẩm mới,Đầy đủ phụ kiện,182
Giá Liên Hệ,1080x2400,6.66,,50.0,3.0,Không có camera tele,Có camera siêu rộng,Có chống rung OIS,Không có bảo hành,Sản phẩm mới,Đầy đủ phụ kiện,183
2790000,720x1600,6.74,,13.0,1.0,Không có camera tele,Không có camera siêu rộng,Không có chống rung OIS,Không có bảo hành,Sản phẩm mới,Đầy đủ phụ kiện,184
23990000,2556x1179,6.1,21.0,48.0,3.0,Có camera tele,Có camera siêu rộng,Không có chống rung OIS,Không có bảo hành,Sản phẩm mới,Đầy đủ phụ kiện,186
Giá Liên Hệ,1080x2400,6.3,,50.0,2.0,Không có camera tele,Có camera siêu rộng,Có chống rung OIS,Không có bảo hành,Sản phẩm mới,Đầy đủ phụ kiện,187
91900000,1080x2412,6.7,7.0,50.0,3.0,Không có camera tele,Không có camera siêu rộng,Không có chống rung OIS,Có bảo hành,Sản phẩm mới,Đầy đủ phụ kiện,188
Giá Liên Hệ,,6.7,,64.0,3.0,Có camera tele,Có camera siêu rộng,Không có chống rung OIS,Không có bảo hành,Sản phẩm mới,Đầy đủ phụ kiện,189
36900000,720x1640,6.88,16.0,50.0,1.0,Không có camera tele,Không có camera siêu rộng,Không có chống rung OIS,Có bảo hành,Sản phẩm mới,Đầy đủ phụ kiện,190
3190000,1612x720,6.56,,13.0,2.0,Không có camera tele,Không có camera siêu rộng,Không có chống rung OIS,Có bảo hành,Sản phẩm mới,Đầy đủ phụ kiện,192
5590000,1080x2400,6.67,7.0,108.0,3.0,Không có camera tele,Có camera siêu rộng,Không có chống rung OIS,Không có bảo hành,Sản phẩm mới,Đầy đủ phụ kiện,193
28490000,720x1600,6.7,12.0,50.0,2.0,Không có camera tele,Không có camera siêu rộng,Không có chống rung OIS,Có bảo hành,Sản phẩm mới,Đầy đủ phụ kiện,194
9050000,1080x2412,6.7,,50.0,3.0,Có camera tele,Không có camera siêu rộng,Có chống rung OIS,Không có bảo hành,Sản phẩm mới,Đầy đủ phụ kiện,196
184900000,1x5,6.83,8.0,50.0,3.0,Không có camera tele,Không có camera siêu rộng,Không có chống rung OIS,Có bảo hành,Sản phẩm mới,Đầy đủ phụ kiện,197
Giá Liên Hệ,1440x3200,6.67,1.0,50.0,3.0,Không có camera tele,Có camera siêu rộng,Có chống rung OIS,Không có bảo hành,Sản phẩm mới,Đầy đủ phụ kiện,198
Giá Liên Hệ,,7.6,,12.0,3.0,Không có camera tele,Không có camera siêu rộng,Không có chống rung OIS,Không có bảo hành,Sản phẩm mới,Đầy đủ phụ kiện,199
4290000,1080x2400,6.72,6.0,50.0,2.0,Không có camera tele,Không có camera siêu rộng,Không có chống rung OIS,Không có bảo hành,Sản phẩm mới,Đầy đủ phụ kiện,200
2690000,720x1612,6.6,14.0,50.0,2.0,Không có camera tele,Không có camera siêu rộng,Không có chống rung OIS,Không có bảo hành,Sản phẩm mới,Đầy đủ phụ kiện,201
53900000,1080x2340,6.7,24.0,50.0,3.0,Không có camera tele,Không có camera siêu rộng,Không có chống rung OIS,Có bảo hành,Sản phẩm mới,Đầy đủ phụ kiện,203
35390000,2796x1290,6.7,4.0,48.0,3.0,Có camera tele,Có camera siêu rộng,Có chống rung OIS,Không có bảo hành,Sản phẩm mới,Đầy đủ phụ kiện,205
10690000,,6.77,,50.0,2.0,Không có camera tele,Không có camera siêu rộng,Không có chống rung OIS,Không có bảo hành,Sản phẩm mới,Đầy đủ phụ kiện,206
4790000,1080x2400,6.67,104.0,108.0,3.0,Không có camera tele,Không có camera siêu rộng,Không có chống rung OIS,Không có bảo hành,Sản phẩm mới,Đầy đủ phụ kiện,207
3890000,1080x2460,6.78,86.0,50.0,1.0,Không có camera tele,Không có camera siêu rộng,Không có chống rung OIS,Không có bảo hành,Sản phẩm mới,Đầy đủ phụ kiện,208
221900000,2x1440,6.7,,50.0,3.0,Không có camera tele,Không có camera siêu rộng,Không có chống rung OIS,Có bảo hành,Sản phẩm mới,Đầy đủ phụ kiện,209
56900000,1080x2400,6.72,20.0,50.0,1.0,Không có camera tele,Không có camera siêu rộng,Không có chống rung OIS,Có bảo hành,Sản phẩm mới,Đầy đủ phụ kiện,210
37900000,720x1600,6.745,1.0,32.0,1.0,Không có camera tele,Không có camera siêu rộng,Không có chống rung OIS,Có bảo hành,Sản phẩm mới,Đầy đủ phụ kiện,211
Giá Liên Hệ,1080x2400,6.7,,108.0,3.0,Không có camera tele,Có camera siêu rộng,Có chống rung OIS,Không có bảo hành,Sản phẩm mới,Đầy đủ phụ kiện,212
138900000,1080x2340,6.7,8.0,50.0,3.0,Không có camera tele,Không có camera siêu rộng,Không có chống rung OIS,Có bảo hành,Sản phẩm mới,Đầy đủ phụ kiện,213
3050000,720x1612,6.56,10.0,50.0,1.0,Không có camera tele,Không có camera siêu rộng,Không có chống rung OIS,Không có bảo hành,Sản phẩm mới,Đầy đủ phụ kiện,214
3690000,,,,108.0,1.0,Không có camera tele,Không có camera siêu rộng,Không có chống rung OIS,Không có bảo hành,Sản phẩm mới,Đầy đủ phụ kiện,215
25590000,2796x1290,6.7,116.0,48.0,3.0,Có camera tele,Có camera siêu rộng,Có chống rung OIS,Không có bảo hành,Sản phẩm mới,Đầy đủ phụ kiện,216
6090000,1080x2340,6.7,13.0,50.0,3.0,Không có camera tele,Có camera siêu rộng,Không có chống rung OIS,Không có bảo hành,Sản phẩm mới,Đầy đủ phụ kiện,217
16090000,2532x1170,6.1,36.0,48.0,4.0,Có camera tele,Không có camera siêu rộng,Có chống rung OIS,Không có bảo hành,Sản phẩm mới,Đầy đủ phụ kiện,218
10290000,1080x2400,6.67,5.0,50.0,3.0,Không có camera tele,Không có camera siêu rộng,Có chống rung OIS,Không có bảo hành,Sản phẩm mới,Đầy đủ phụ kiện,219
7890000,1080x2340,6.4,12.0,50.0,3.0,Không có camera tele,Có camera siêu rộng,Có chống rung OIS,Không có bảo hành,Sản phẩm mới,Đầy đủ phụ kiện,220
16390000,2532x1170,6.1,1.0,12.0,2.0,Không có camera tele,Có camera siêu rộng,Không có chống rung OIS,Không có bảo hành,Sản phẩm mới,Đầy đủ phụ kiện,223
27990000,2796x1290,6.7,186.0,48.0,3.0,Có camera tele,Có camera siêu rộng,Không có chống rung OIS,Không có bảo hành,Sản phẩm mới,Đầy đủ phụ kiện,224
Giá Liên Hệ,1080x2408,6.75,,64.0,4.0,Có camera tele,Có camera siêu rộng,Có chống rung OIS,Không có bảo hành,Sản phẩm mới,Đầy đủ phụ kiện,225
361900000,1856x2160,7.6,25.0,50.0,3.0,Không có camera tele,Không có camera siêu rộng,Không có chống rung OIS,Có bảo hành,Sản phẩm mới,Đầy đủ phụ kiện,226
22990000,2778x1284,6.7,180.0,12.0,3.0,Có camera tele,Có camera siêu rộng,Không có chống rung OIS,Không có bảo hành,Sản phẩm mới,Đầy đủ phụ kiện,227
6450000,1080x2400,6.67,5.0,50.0,3.0,Không có camera tele,Không có camera siêu rộng,Không có chống rung OIS,Có bảo hành,Sản phẩm mới,Đầy đủ phụ kiện,229
Giá Liên Hệ,,6.6,,47.2,1.0,Không có camera tele,Không có camera siêu rộng,Không có chống rung OIS,Không có bảo hành,Sản phẩm mới,Đầy đủ phụ kiện,230
7390000,1080x2400,6.7,16.0,64.0,3.0,Không có camera tele,Có camera siêu rộng,Không có chống rung OIS,Không có bảo hành,Sản phẩm mới,Đầy đủ phụ kiện,231
Giá Liên Hệ,720x1612,6.56,,50.0,1.0,Không có camera tele,Không có camera siêu rộng,Không có chống rung OIS,Không có bảo hành,Sản phẩm mới,Đầy đủ phụ kiện,232
22990000,2556x1179,6.1,21.0,48.0,3.0,Có camera tele,Có camera siêu rộng,Có chống rung OIS,Không có bảo hành,Sản phẩm mới,Đầy đủ phụ kiện,233
449900000,2248x2480,8.12,2.0,50.0,3.0,Không có camera tele,Không có camera siêu rộng,Không có chống rung OIS,Có bảo hành,Sản phẩm mới,Đầy đủ phụ kiện,234
Giá Liên Hệ,,6.6,,50.0,2.0,Không có camera tele,Không có camera siêu rộng,Không có chống rung OIS,Không có bảo hành,Sản phẩm mới,Đầy đủ phụ kiện,235
6090000,1080x2400,6.67,9.0,200.0,3.0,Không có camera tele,Không có camera siêu rộng,Không có chống rung OIS,Không có bảo hành,Sản phẩm mới,Đầy đủ phụ kiện,236
7990000,1080x2400,6.67,,50.0,2.0,Không có camera tele,Không có camera siêu rộng,Không có chống rung OIS,Không có bảo hành,Sản phẩm mới,Đầy đủ phụ kiện,239
42900000,720x1608,6.68,8.0,50.0,1.0,Không có camera tele,Không có camera siêu rộng,Không có chống rung OIS,Có bảo hành,Sản phẩm mới,Đầy đủ phụ kiện,240
86900000,1080x2340,6.6,75.0,50.0,3.0,Không có camera tele,Không có camera siêu rộng,Không có chống rung OIS,Có bảo hành,Sản phẩm mới,Đầy đủ phụ kiện,241
5690000,,6.78,,50.0,2.0,Không có camera tele,Có camera siêu rộng,Không có chống rung OIS,Không có bảo hành,Sản phẩm mới,Đầy đủ phụ kiện,242
7690000,1080x2412,6.7,3.0,50.0,2.0,Không có camera tele,Không có camera siêu rộng,Không có chống rung OIS,Không có bảo hành,Sản phẩm mới,Đầy đủ phụ kiện,243
3990000,,6.8,13.0,50.0,2.0,Không có camera tele,Không có camera siêu rộng,Không có chống rung OIS,Không có bảo hành,Sản phẩm mới,Đầy đủ phụ kiện,244
129900000,1x5,6.78,16.0,50.0,1.0,Không có camera tele,Không có camera siêu rộng,Không có chống rung OIS,Có bảo hành,Sản phẩm mới,Đầy đủ phụ kiện,245
Giá Liên Hệ,,6.7,,50.0,2.0,Có camera tele,Có camera siêu rộng,Có chống rung OIS,Không có bảo hành,Sản phẩm mới,Đầy đủ phụ kiện,246
Giá Liên Hệ,,6.66,1.0,48.0,3.0,Có camera tele,Có camera siêu rộng,Có chống rung OIS,Không có bảo hành,Sản phẩm mới,Đầy đủ phụ kiện,247
Giá Liên Hệ,2652x1200,6.78,,108.0,3.0,Không có camera tele,Có camera siêu rộng,Không có chống rung OIS,Không có bảo hành,Sản phẩm mới,Đầy đủ phụ kiện,248
Giá Liên Hệ,,6.7,,108.0,4.0,Không có camera tele,Không có camera siêu rộng,Không có chống rung OIS,Không có bảo hành,Sản phẩm mới,Đầy đủ phụ kiện,250
Giá Liên Hệ,2712x1220,6.67,,50.0,2.0,Không có camera tele,Có camera siêu rộng,Không có chống rung OIS,Không có bảo hành,Sản phẩm mới,Đầy đủ phụ kiện,251
16990000,1080x2340,6.6,1.0,50.0,3.0,Có camera tele,Có camera siêu rộng,Không có chống rung OIS,Không có bảo hành,Sản phẩm mới,Đầy đủ phụ kiện,253
54900000,720x1604,6.67,81.0,50.0,2.0,Không có camera tele,Không có camera siêu rộng,Không có chống rung OIS,Có bảo hành,Sản phẩm mới,Đầy đủ phụ kiện,255
21990000,1256x2760,6.59,30.0,50.0,3.0,Có camera tele,Không có camera siêu rộng,Có chống rung OIS,Không có bảo hành,Sản phẩm mới,Đầy đủ phụ kiện,256
22990000,1080x2340,6.7,1.0,50.0,3.0,Không có camera tele,Không có camera siêu rộng,Không có chống rung OIS,Có bảo hành,Sản phẩm mới,Đầy đủ phụ kiện,257
6490000,1080x2400,6.67,,50.0,1.0,Không có camera tele,Không có camera siêu rộng,Không có chống rung OIS,Không có bảo hành,Sản phẩm mới,Đầy đủ phụ kiện,258
24990000,2622x1206,6.3,39.0,48.0,3.0,Có camera tele,Có camera siêu rộng,Có chống rung OIS,Không có bảo hành,Sản phẩm mới,Đầy đủ phụ kiện,259
4290000,1080x2400,6.72,16.0,108.0,2.0,Không có camera tele,Không có camera siêu rộng,Không có chống rung OIS,Không có bảo hành,Sản phẩm mới,Đầy đủ phụ kiện,260
18990000,2556x1179,6.1,32.0,48.0,2.0,Có camera tele,Có camera siêu rộng,Có chống rung OIS,Không có bảo hành,Sản phẩm mới,Đầy đủ phụ kiện,261
4990000,1080x2388,6.64,6.0,50.0,2.0,Không có camera tele,Không có camera siêu rộng,Không có chống rung OIS,Không có bảo hành,Sản phẩm mới,Đầy đủ phụ kiện,262
19990000,1080x2340,6.2,1.0,50.0,3.0,Không có camera tele,Không có camera siêu rộng,Không có chống rung OIS,Có bảo hành,Sản phẩm mới,Đầy đủ phụ kiện,266
10590000,1220x2712,6.67,22.0,50.0,3.0,Có camera tele,Có camera siêu rộng,Không có chống rung OIS,Không có bảo hành,Sản phẩm mới,Đầy đủ phụ kiện,267
Giá Liên Hệ,,6.6,,50.0,3.0,Có camera tele,Có camera siêu rộng,Không có chống rung OIS,Không có bảo hành,Sản phẩm mới,Đầy đủ phụ kiện,268
25990000,1440x3120,6.8,8.0,200.0,4.0,Có camera tele,Có camera siêu rộng,Có chống rung OIS,Không có bảo hành,Sản phẩm mới,Đầy đủ phụ kiện,269
66900000,1080x2400,6.67,17.0,50.0,2.0,Không có camera tele,Không có camera siêu rộng,Không có chống rung OIS,Có bảo hành,Sản phẩm mới,Đầy đủ phụ kiện,270
6800000,120x160,1.77,57.0,,,,,,Có bảo hành,Sản phẩm mới,Đầy đủ phụ kiện,271
Giá Liên Hệ,,6.78,,50.0,2.0,Không có camera tele,Có camera siêu rộng,Có chống rung OIS,Không có bảo hành,Sản phẩm mới,Đầy đủ phụ kiện,272
26290000,2556x1179,6.1,6.0,48.0,3.0,Có camera tele,Có camera siêu rộng,Không có chống rung OIS,Không có bảo hành,Sản phẩm mới,Đầy đủ phụ kiện,273
114900000,1x5,6.67,88.0,50.0,3.0,Không có camera tele,Không có camera siêu rộng,Không có chống rung OIS,Có bảo hành,Sản phẩm mới,Đầy đủ phụ kiện,274
Giá Liên Hệ,,6.7,,50.0,4.0,Không có camera tele,Không có camera siêu rộng,Không có chống rung OIS,Không có bảo hành,Sản phẩm mới,Đầy đủ phụ kiện,275
4490000,1080x2400,6.72,208.0,50.0,2.0,Không có camera tele,Không có camera siêu rộng,Không có chống rung OIS,Không có bảo hành,Sản phẩm mới,Đầy đủ phụ kiện,277
Giá Liên Hệ,1080x2448,6.78,,50.0,3.0,Không có camera tele,Có camera siêu rộng,Không có chống rung OIS,Không có bảo hành,Sản phẩm mới,Đầy đủ phụ kiện,278
2990000,1080x2408,6.58,,50.0,3.0,Không có camera tele,Không có camera siêu rộng,Không có chống rung OIS,Không có bảo hành,Sản phẩm mới,Đầy đủ phụ kiện,279
7890000,1080x2340,6.6,36.0,50.0,3.0,Không có camera tele,Không có camera siêu rộng,Có chống rung OIS,Không có bảo hành,Sản phẩm mới,Đầy đủ phụ kiện,280
Giá Liên Hệ,,,,64.0,1.0,Không có camera tele,Không có camera siêu rộng,Không có chống rung OIS,Không có bảo hành,Sản phẩm mới,Đầy đủ phụ kiện,281
23990000,2778x1284,6.7,33.0,12.0,3.0,Có camera tele,Có camera siêu rộng,Không có chống rung OIS,Không có bảo hành,Sản phẩm mới,Đầy đủ phụ kiện,282
17690000,1080x2448,6.78,7.0,64.0,3.0,Không có camera tele,Có camera siêu rộng,Không có chống rung OIS,Không có bảo hành,Sản phẩm mới,Đầy đủ phụ kiện,283
44490000,1440x3120,6.8,3.0,200.0,4.0,Có camera tele,Có camera siêu rộng,Có chống rung OIS,Không có bảo hành,Sản phẩm mới,Đầy đủ phụ kiện,284
17990000,2778x1284,6.7,26.0,12.0,2.0,Không có camera tele,Có camera siêu rộng,Không có chống rung OIS,Không có bảo hành,Sản phẩm mới,Đầy đủ phụ kiện,285
2490000,,6.8,20.0,50.0,1.0,Không có camera tele,Không có camera siêu rộng,Không có chống rung OIS,Có bảo hành,Sản phẩm mới,Đầy đủ phụ kiện,286
38490000,2160x1856,7.6,,50.0,3.0,Có camera tele,Có camera siêu rộng,Không có chống rung OIS,Không có bảo hành,Sản phẩm mới,Đầy đủ phụ kiện,287
2990000,,6.6,,50.0,1.0,Không có camera tele,Không có camera siêu rộng,Không có chống rung OIS,Không có bảo hành,Sản phẩm mới,Đầy đủ phụ kiện,288
5490000,1080x2400,6.44,1.0,64.0,3.0,Không có camera tele,Có camera siêu rộng,Không có chống rung OIS,Không có bảo hành,Sản phẩm mới,Đầy đủ phụ kiện,290
3600000,1080x2408,6.6,8.0,50.0,4.0,Không có camera tele,Không có camera siêu rộng,Không có chống rung OIS,Không có bảo hành,Sản phẩm mới,Đầy đủ phụ kiện,291
30490000,2868x1320,6.9,293.0,48.0,3.0,Có camera tele,Có camera siêu rộng,Có chống rung OIS,Không có bảo hành,Sản phẩm mới,Đầy đủ phụ kiện,292
3480000,1080x2400,6.72,22.0,64.0,2.0,Không có camera tele,Không có camera siêu rộng,Không có chống rung OIS,Không có bảo hành,Sản phẩm mới,Đầy đủ phụ kiện,294
24900000,720x1650,6.71,35.0,8.0,1.0,Không có camera tele,Không có camera siêu rộng,Không có chống rung OIS,Có bảo hành,Sản phẩm mới,Đầy đủ phụ kiện,295
Giá Liên Hệ,1080x2340,6.7,,50.0,3.0,Có camera tele,Không có camera siêu rộng,Không có chống rung OIS,Không có bảo hành,Sản phẩm mới,Đầy đủ phụ kiện,296
8490000,1080x2400,6.78,,50.0,2.0,Không có camera tele,Có camera siêu rộng,Có chống rung OIS,Không có bảo hành,Sản phẩm mới,Đầy đủ phụ kiện,298
Giá Liên Hệ,,6.78,,108.0,3.0,Không có camera tele,Không có camera siêu rộng,Không có chống rung OIS,Không có bảo hành,Sản phẩm mới,Đầy đủ phụ kiện,299
Giá Liên Hệ,,7.9,,108.0,3.0,Không có camera tele,Không có camera siêu rộng,Không có chống rung OIS,Không có bảo hành,Sản phẩm mới,Đầy đủ phụ kiện,300
7164000,1080x2340,6.6,0.0,,,,,,Có bảo hành,Sản phẩm mới,Đầy đủ phụ kiện,301
Giá Liên Hệ,1080x2400,6.73,,50.38,4.0,Có camera tele,Có camera siêu rộng,Có chống rung OIS,Không có bảo hành,Sản phẩm mới,Đầy đủ phụ kiện,302
Giá Liên Hệ,1080x2400,6.72,,50.0,2.0,Không có camera tele,Không có camera siêu rộng,Không có chống rung OIS,Không có bảo hành,Sản phẩm mới,Đầy đủ phụ kiện,303
5290000,1080x2436,6.78,,50.0,2.0,Không có camera tele,Không có camera siêu rộng,Có chống rung OIS,Không có bảo hành,Sản phẩm mới,Đầy đủ phụ kiện,304
Giá Liên Hệ,,6.6,1.0,50.0,3.0,Có camera tele,Có camera siêu rộng,Không có chống rung OIS,Không có bảo hành,Sản phẩm mới,Đầy đủ phụ kiện,305
Giá Liên Hệ,,6.74,2.0,50.0,3.0,Không có camera tele,Có camera siêu rộng,Không có chống rung OIS,Không có bảo hành,Sản phẩm mới,Đầy đủ phụ kiện,306
2190000,720x1650,6.71,25.0,50.0,1.0,Không có camera tele,Không có camera siêu rộng,Không có chống rung OIS,Không có bảo hành,Sản phẩm mới,Đầy đủ phụ kiện,309
24900000,720x1612,6.56,18.0,50.0,2.0,Không có camera tele,Không có camera siêu rộng,Không có chống rung OIS,Có bảo hành,Sản phẩm mới,Đầy đủ phụ kiện,311
Giá Liên Hệ,1080x2460,6.6,,64.0,3.0,Không có camera tele,Có camera siêu rộng,Không có chống rung OIS,Không có bảo hành,Sản phẩm mới,Đầy đủ phụ kiện,312
36190000,2160x1856,7.6,22.0,50.0,3.0,Có camera tele,Có camera siêu rộng,Không có chống rung OIS,Không có bảo hành,Sản phẩm mới,Đầy đủ phụ kiện,313
1570000,240x320,2.8,4.0,3.0,1.0,Không có camera tele,Không có camera siêu rộng,Không có chống rung OIS,Không có bảo hành,Sản phẩm mới,Đầy đủ phụ kiện,314
Giá Liên Hệ,,6.72,13.0,8.0,1.0,Không có camera tele,Có camera siêu rộng,Có chống rung OIS,Không có bảo hành,Sản phẩm mới,Đầy đủ phụ kiện,315
5590000,1080x2436,6.78,24.0,,,Không có camera tele,Không có camera siêu rộng,Không có chống rung OIS,Không có bảo hành,Sản phẩm mới,Đầy đủ phụ kiện,318
114900000,1x5,6.7,5.0,50.0,3.0,Không có camera tele,Không có camera siêu rộng,Không có chống rung OIS,Có bảo hành,Sản phẩm mới,Đầy đủ phụ kiện,319
5000000,240x320,2.4,26.0,,,,,,Có bảo hành,Sản phẩm mới,Đầy đủ phụ kiện,320
Giá Liên Hệ,1440x3200,6.81,,50.0,3.0,Có camera tele,Có camera siêu rộng,Có chống rung OIS,Không có bảo hành,Sản phẩm mới,Đầy đủ phụ kiện,321
5790000,720x1604,6.67,1.0,50.0,1.0,Không có camera tele,Không có camera siêu rộng,Không có chống rung OIS,Không có bảo hành,Sản phẩm mới,Đầy đủ phụ kiện,322
Giá Liên Hệ,1080x2400,6.8,1.0,64.0,3.0,Không có camera tele,Có camera siêu rộng,Không có chống rung OIS,Không có bảo hành,Sản phẩm mới,Đầy đủ phụ kiện,323
2390000,720x1520,5.7,0.0,,,,,,Có bảo hành,Sản phẩm mới,Đầy đủ phụ kiện,324
Giá Liên Hệ,1080x2408,6.58,,50.0,2.0,Không có camera tele,Không có camera siêu rộng,Không có chống rung OIS,Không có bảo hành,Sản phẩm mới,Đầy đủ phụ kiện,325
27990000,2796x1290,6.7,37.0,48.0,3.0,Có camera tele,Có camera siêu rộng,Có chống rung OIS,Không có bảo hành,Sản phẩm mới,Đầy đủ phụ kiện,326
Giá Liên Hệ,1080x2400,6.4,,108.0,4.0,Không có camera tele,Không có camera siêu rộng,Không có chống rung OIS,Không có bảo hành,Sản phẩm mới,Đầy đủ phụ kiện,327
Giá Liên Hệ,2412x1080,6.7,,108.0,3.0,Không có camera tele,Có camera siêu rộng,Không có chống rung OIS,Không có bảo hành,Sản phẩm mới,Đầy đủ phụ kiện,328
1690000,,6.67,,13.0,1.0,Không có camera tele,Không có camera siêu rộng,Không có chống rung OIS,Có bảo hành,Sản phẩm mới,Đầy đủ phụ kiện,330
7390000,1080x2400,6.67,4.0,50.0,2.0,Không có camera tele,Không có camera siêu rộng,Có chống rung OIS,Không có bảo hành,Sản phẩm mới,Đầy đủ phụ kiện,331
15450000,1179x2556,6.1,106.0,,,,,,Có bảo hành,Sản phẩm mới,Đầy đủ phụ kiện,333
3790000,1080x2400,6.67,47.0,108.0,3.0,Không có camera tele,Không có camera siêu rộng,Không có chống rung OIS,Không có bảo hành,Sản phẩm mới,Đầy đủ phụ kiện,334
Giá Liên Hệ,,6.3,,200.0,1.0,Không có camera tele,Không có camera siêu rộng,Có chống rung OIS,Không có bảo hành,Sản phẩm mới,Đầy đủ phụ kiện,335
67900000,1080x2340,6.7,33.0,50.0,3.0,Không có camera tele,Không có camera siêu rộng,Không có chống rung OIS,Có bảo hành,Sản phẩm mới,Đầy đủ phụ kiện,336
Giá Liên Hệ,2304x1440,10.9,,13.0,1.0,Không có camera tele,Không có camera siêu rộng,Không có chống rung OIS,Không có bảo hành,Sản phẩm mới,Đầy đủ phụ kiện,338
Giá Liên Hệ,1080x2340,6.66,,48.0,3.0,Có camera tele,Có camera siêu rộng,Có chống rung OIS,Không có bảo hành,Sản phẩm mới,Đầy đủ phụ kiện,339
3590000,720x1612,6.56,5.0,50.0,1.0,Không có camera tele,Không có camera siêu rộng,Không có chống rung OIS,Không có bảo hành,Sản phẩm mới,Đầy đủ phụ kiện,341
2490000,,6.74,6.0,8.0,1.0,Không có camera tele,Không có camera siêu rộng,Không có chống rung OIS,Không có bảo hành,Sản phẩm mới,Đầy đủ phụ kiện,342
29900000,720x1600,6.74,2.0,8.0,1.0,Không có camera tele,Không có camera siêu rộng,Không có chống rung OIS,Có bảo hành,Sản phẩm mới,Đầy đủ phụ kiện,343
Giá Liên Hệ,,7.0,,50.0,3.0,Có camera tele,Có camera siêu rộng,Có chống rung OIS,Không có bảo hành,Sản phẩm mới,Đầy đủ phụ kiện,344
9190000,1220x2712,6.67,30.0,50.0,1.0,Không có camera tele,Không có camera siêu rộng,Không có chống rung OIS,Có bảo hành,Sản phẩm mới,Đầy đủ phụ kiện,345
3290000,2460x1080,6.79,,108.0,2.0,Không có camera tele,Không có camera siêu rộng,Không có chống rung OIS,Có bảo hành,Sản phẩm mới,Đầy đủ phụ kiện,346
3800000,128x160,1.77,4.0,,,,,,Có bảo hành,Sản phẩm mới,Đầy đủ phụ kiện,347
Giá Liên Hệ,,6.73,,54.0,3.0,Có camera tele,Có camera siêu rộng,Có chống rung OIS,Không có bảo hành,Sản phẩm mới,Đầy đủ phụ kiện,348
7290000,1080x2400,6.67,3.0,108.0,3.0,Không có camera tele,Có camera siêu rộng,Không có chống rung OIS,Không có bảo hành,Sản phẩm mới,Đầy đủ phụ kiện,350
Giá Liên Hệ,1440x3200,6.66,,64.0,3.0,Không có camera tele,Có camera siêu rộng,Có chống rung OIS,Không có bảo hành,Sản phẩm mới,Đầy đủ phụ kiện,351
34690000,2622x1206,6.3,,48.0,3.0,Có camera tele,Có camera siêu rộng,Có chống rung OIS,Không có bảo hành,Sản phẩm mới,Đầy đủ phụ kiện,352
30900000,720x1600,6.7,18.0,50.0,2.0,Không có camera tele,Không có camera siêu rộng,Không có chống rung OIS,Có bảo hành,Sản phẩm mới,Đầy đủ phụ kiện,353
Giá Liên Hệ,1080x2400,6.55,,50.0,3.0,Không có camera tele,Có camera siêu rộng,Không có chống rung OIS,Không có bảo hành,Sản phẩm mới,Đầy đủ phụ kiện,356
4490000,1080x2408,6.6,26.0,50.0,3.0,Không có camera tele,Không có camera siêu rộng,Không có chống rung OIS,Không có bảo hành,Sản phẩm mới,Đầy đủ phụ kiện,357
Giá Liên Hệ,1080x2400,6.55,,108.0,3.0,Không có camera tele,Có camera siêu rộng,Có chống rung OIS,Không có bảo hành,Sản phẩm mới,Đầy đủ phụ kiện,358
Giá Liên Hệ,1240x2772,6.74,,50.0,3.0,Không có camera tele,Có camera siêu rộng,Có chống rung OIS,Không có bảo hành,Sản phẩm mới,Đầy đủ phụ kiện,359
2990000,1600x720,6.74,,13.0,2.0,Không có camera tele,Không có camera siêu rộng,Không có chống rung OIS,Không có bảo hành,Sản phẩm mới,Đầy đủ phụ kiện,361
8490000,1080x2412,6.7,4.0,64.0,3.0,Có camera tele,Có camera siêu rộng,Không có chống rung OIS,Không có bảo hành,Sản phẩm mới,Đầy đủ phụ kiện,362
116900000,1170x2532,6.1,645.0,12.0,1.0,Không có camera tele,Không có camera siêu rộng,Không có chống rung OIS,Có bảo hành,Sản phẩm mới,Đầy đủ phụ kiện,363
1590000,1600x720,6.52,5.0,8.0,1.0,Không có camera tele,Không có camera siêu rộng,Không có chống rung OIS,Không có bảo hành,Sản phẩm mới,Đầy đủ phụ kiện,364
Giá Liên Hệ,,6.78,,50.0,2.0,Không có camera tele,Không có camera siêu rộng,Không có chống rung OIS,Không có bảo hành,Sản phẩm mới,Đầy đủ phụ kiện,365
2890000,720x1612,6.56,,8.0,2.0,Không có camera tele,Không có camera siêu rộng,Không có chống rung OIS,Có bảo hành,Sản phẩm mới,Đầy đủ phụ kiện,366
Giá Liên Hệ,1080x2400,6.55,,64.0,3.0,Không có camera tele,Có camera siêu rộng,Không có chống rung OIS,Không có bảo hành,Sản phẩm mới,Đầy đủ phụ kiện,367
28490000,,6.8,19.0,200.0,3.0,Không có camera tele,Không có camera siêu rộng,Không có chống rung OIS,Có bảo hành,Sản phẩm mới,Đầy đủ phụ kiện,369
99900000,1170x2532,6.1,338.0,12.0,1.0,Không có camera tele,Không có camera siêu rộng,Không có chống rung OIS,Có bảo hành,Sản phẩm mới,Đầy đủ phụ kiện,370
22990000,,,,64.0,3.0,Không có camera tele,Không có camera siêu rộng,Không có chống rung OIS,Không có bảo hành,Sản phẩm mới,Đầy đủ phụ kiện,371
7200000,1080x2400,6.5,63.0,12.0,3.0,Có camera tele,Có camera siêu rộng,Không có chống rung OIS,Không có bảo hành,Sản phẩm mới,Đầy đủ phụ kiện,373
Giá Liên Hệ,1080x2460,6.78,4.0,50.0,2.0,Không có camera tele,Không có camera siêu rộng,Không có chống rung OIS,Không có bảo hành,Sản phẩm mới,Đầy đủ phụ kiện,374
6690000,1080x2412,6.7,8.0,50.0,2.0,Không có camera tele,Không có camera siêu rộng,Không có chống rung OIS,Không có bảo hành,Sản phẩm mới,Đầy đủ phụ kiện,375
Giá Liên Hệ,,6.66,1.0,48.0,3.0,Không có camera tele,Có camera siêu rộng,Có chống rung OIS,Không có bảo hành,Sản phẩm mới,Đầy đủ phụ kiện,377
41990000,1768x2208,7.6,16.0,12.0,4.0,Có camera tele,Có camera siêu rộng,Có chống rung OIS,Không có bảo hành,Sản phẩm mới,Đầy đủ phụ kiện,378
Giá Liên Hệ,,6.56,,13.0,1.0,Không có camera tele,Không có camera siêu rộng,Không có chống rung OIS,Không có bảo hành,Sản phẩm mới,Đầy đủ phụ kiện,379
8490000,1080x2412,6.7,5.0,64.0,3.0,Không có camera tele,Có camera siêu rộng,Không có chống rung OIS,Không có bảo hành,Sản phẩm mới,Đầy đủ phụ kiện,381
Giá Liên Hệ,1080x2340,6.5,,16.0,2.0,Không có camera tele,Không có camera siêu rộng,Không có chống rung OIS,Không có bảo hành,Sản phẩm mới,Đầy đủ phụ kiện,382
5600000,1080x2340,6.6,75.0,48.0,3.0,Không có camera tele,Không có camera siêu rộng,Không có chống rung OIS,Có bảo hành,Sản phẩm mới,Đầy đủ phụ kiện,384
13490000,1440x3216,6.7,5.0,50.0,3.0,Có camera tele,Không có camera siêu rộng,Không có chống rung OIS,Không có bảo hành,Sản phẩm mới,Đầy đủ phụ kiện,385
8990000,1792x828,6.1,72.0,12.0,1.0,Không có camera tele,Có camera siêu rộng,Không có chống rung OIS,Không có bảo hành,Sản phẩm mới,Đầy đủ phụ kiện,386
Giá Liên Hệ,,792.0,,50.0,3.0,Có camera tele,Có camera siêu rộng,Không có chống rung OIS,Không có bảo hành,Sản phẩm mới,Đầy đủ phụ kiện,387
Giá Liên Hệ,1440x2960,6.3,,2.0,1.0,Không có camera tele,Không có camera siêu rộng,Có chống rung OIS,Không có bảo hành,Sản phẩm mới,Đầy đủ phụ kiện,388
106900000,1x5,6.67,22.0,200.0,3.0,Không có camera tele,Không có camera siêu rộng,Không có chống rung OIS,Có bảo hành,Sản phẩm mới,Đầy đủ phụ kiện,389
87900000,1080x2340,6.6,55.0,50.0,3.0,Không có camera tele,Không có camera siêu rộng,Không có chống rung OIS,Có bảo hành,Sản phẩm mới,Đầy đủ phụ kiện,390
15790000,2556x1179,6.1,72.0,48.0,2.0,Không có camera tele,Không có camera siêu rộng,Không có chống rung OIS,Không có bảo hành,Sản phẩm mới,Đầy đủ phụ kiện,394
8590000,1220x2712,6.67,3.0,200.0,3.0,Không có camera tele,Không có camera siêu rộng,Không có chống rung OIS,Không có bảo hành,Sản phẩm mới,Đầy đủ phụ kiện,396
Giá Liên Hệ,720x1650,6.71,,50.0,1.0,Không có camera tele,Không có camera siêu rộng,Không có chống rung OIS,Không có bảo hành,Sản phẩm mới,Đầy đủ phụ kiện,397
2990000,720x1600,6.5,,13.0,2.0,Không có camera tele,Không có camera siêu rộng,Không có chống rung OIS,Có bảo hành,Sản phẩm mới,Đầy đủ phụ kiện,399
23990000,1440x3120,6.8,59.0,200.0,4.0,Có camera tele,Có camera siêu rộng,Có chống rung OIS,Không có bảo hành,Sản phẩm mới,Đầy đủ phụ kiện,400
4990000,,6.8,5.0,,,Không có camera tele,Không có camera siêu rộng,Không có chống rung OIS,Không có bảo hành,Sản phẩm mới,Đầy đủ phụ kiện,401
2999000,1080x2400,6.72,8.0,,,,,,Có bảo hành,Sản phẩm mới,Đầy đủ phụ kiện,403
10990000,1240x2772,6.74,11.0,64.0,3.0,Có camera tele,Có camera siêu rộng,Không có chống rung OIS,Không có bảo hành,Sản phẩm mới,Đầy đủ phụ kiện,404
52900000,720x1604,6.67,1.0,50.0,1.0,Không có camera tele,Không có camera siêu rộng,Không có chống rung OIS,Có bảo hành,Sản phẩm mới,Đầy đủ phụ kiện,405
Giá Liên Hệ,720x1612,6.56,,50.0,2.0,Không có camera tele,Không có camera siêu rộng,Không có chống rung OIS,Không có bảo hành,Sản phẩm mới,Đầy đủ phụ kiện,406
Giá Liên Hệ,1080x2340,6.6,,13.0,1.0,Không có camera tele,Có camera siêu rộng,Không có chống rung OIS,Không có bảo hành,Sản phẩm mới,Đầy đủ phụ kiện,409
30990000,2268x2440,7.82,4.0,64.0,3.0,Có camera tele,Không có camera siêu rộng,Có chống rung OIS,Không có bảo hành,Sản phẩm mới,Đầy đủ phụ kiện,410
3990000,720x1604,6.67,,8.0,1.0,Không có camera tele,Không có camera siêu rộng,Không có chống rung OIS,Không có bảo hành,Sản phẩm mới,Đầy đủ phụ kiện,411
7164000,1080x2340,6.6,0.0,,,,,,Có bảo hành,Sản phẩm mới,Đầy đủ phụ kiện,412
11190000,1080x2640,6.7,3.0,12.0,2.0,Không có camera tele,Có camera siêu rộng,Có chống rung OIS,Không có bảo hành,Sản phẩm mới,Đầy đủ phụ kiện,413
7390000,1080x2400,6.7,3.0,50.0,3.0,Không có camera tele,Có camera siêu rộng,Có chống rung OIS,Không có bảo hành,Sản phẩm mới,Đầy đủ phụ kiện,414
4990000,1080x2400,6.43,16.0,108.0,4.0,Không có camera tele,Có camera siêu rộng,Không có chống rung OIS,Không có bảo hành,Sản phẩm mới,Đầy đủ phụ kiện,416
32990000,3120x1440,6.9,12.0,200.0,4.0,Có camera tele,Có camera siêu rộng,Không có chống rung OIS,Không có bảo hành,Sản phẩm mới,Đầy đủ phụ kiện,417
24490000,1170x2532,6.1,2.0,12.0,3.0,Có camera tele,Có camera siêu rộng,Không có chống rung OIS,Không có bảo hành,Sản phẩm mới,Đầy đủ phụ kiện,419
5990000,,6.78,3.0,50.0,2.0,Không có camera tele,Có camera siêu rộng,Không có chống rung OIS,Không có bảo hành,Sản phẩm mới,Đầy đủ phụ kiện,420
4990000,2404x1080,6.44,3.0,64.0,3.0,Không có camera tele,Có camera siêu rộng,Không có chống rung OIS,Không có bảo hành,Sản phẩm mới,Đầy đủ phụ kiện,421
3690000,1080x2460,6.78,33.0,50.0,1.0,Không có camera tele,Không có camera siêu rộng,Không có chống rung OIS,Không có bảo hành,Sản phẩm mới,Đầy đủ phụ kiện,422
Giá Liên Hệ,720x1600,6.5,,13.0,2.0,Không có camera tele,Không có camera siêu rộng,Không có chống rung OIS,Không có bảo hành,Sản phẩm mới,Đầy đủ phụ kiện,425
23490000,1284x2778,6.7,173.0,12.0,3.0,Có camera tele,Có camera siêu rộng,Có chống rung OIS,Không có bảo hành,Sản phẩm mới,Đầy đủ phụ kiện,426
77900000,1080x2412,6.8,9.0,108.0,2.0,Không có camera tele,Không có camera siêu rộng,Không có chống rung OIS,Có bảo hành,Sản phẩm mới,Đầy đủ phụ kiện,428
158900000,1179x2556,6.1,69.0,48.0,2.0,Không có camera tele,Không có camera siêu rộng,Không có chống rung OIS,Có bảo hành,Sản phẩm mới,Đầy đủ phụ kiện,429
Giá Liên Hệ,1080x2400,6.66,,48.0,3.0,Không có camera tele,Không có camera siêu rộng,Không có chống rung OIS,Không có bảo hành,Sản phẩm mới,Đầy đủ phụ kiện,430
18990000,1179x2556,6.1,30.0,,,,,,Có bảo hành,Sản phẩm mới,Đầy đủ phụ kiện,431
Giá Liên Hệ,720x1600,6.51,,13.0,1.0,Không có camera tele,Không có camera siêu rộng,Không có chống rung OIS,Không có bảo hành,Sản phẩm mới,Đầy đủ phụ kiện,433
39900000,720x1612,6.56,26.0,50.0,2.0,Không có camera tele,Không có camera siêu rộng,Không có chống rung OIS,Có bảo hành,Sản phẩm mới,Đầy đủ phụ kiện,435
5990000,1080x2408,6.72,29.0,50.0,2.0,Không có camera tele,Không có camera siêu rộng,Không có chống rung OIS,Có bảo hành,Sản phẩm mới,Đầy đủ phụ kiện,438
4790000,1080x2436,6.78,13.0,50.0,2.0,Không có camera tele,Không có camera siêu rộng,Không có chống rung OIS,Không có bảo hành,Sản phẩm mới,Đầy đủ phụ kiện,439
Giá Liên Hệ,720x1280,4.6,,23.0,1.0,Không có camera tele,Không có camera siêu rộng,Không có chống rung OIS,Không có bảo hành,Sản phẩm mới,Đầy đủ phụ kiện,440
149900000,1x5,6.59,13.0,50.0,3.0,Không có camera tele,Không có camera siêu rộng,Không có chống rung OIS,Có bảo hành,Sản phẩm mới,Đầy đủ phụ kiện,442
3090000,1612x720,6.56,,50.0,2.0,Không có camera tele,Không có camera siêu rộng,Không có chống rung OIS,Không có bảo hành,Sản phẩm mới,Đầy đủ phụ kiện,443
Giá Liên Hệ,1440x3200,6.66,4.0,54.0,3.0,Không có camera tele,Có camera siêu rộng,Có chống rung OIS,Không có bảo hành,Sản phẩm mới,Đầy đủ phụ kiện,444
Giá Liên Hệ,1080x2412,6.7,,50.0,3.0,Không có camera tele,Có camera siêu rộng,Có chống rung OIS,Không có bảo hành,Sản phẩm mới,Đầy đủ phụ kiện,445
62900000,1080x2340,6.7,2.0,50.0,3.0,Không có camera tele,Không có camera siêu rộng,Không có chống rung OIS,Có bảo hành,Sản phẩm mới,Đầy đủ phụ kiện,446
Giá Liên Hệ,1080x2400,6.66,,48.0,3.0,Không có camera tele,Có camera siêu rộng,Không có chống rung OIS,Không có bảo hành,Sản phẩm mới,Đầy đủ phụ kiện,447
39900000,720x1612,6.56,2.0,50.0,1.0,Không có camera tele,Không có camera siêu rộng,Không có chống rung OIS,Có bảo hành,Sản phẩm mới,Đầy đủ phụ kiện,450
2790000,1600x720,6.74,,32.0,1.0,Không có camera tele,Không có camera siêu rộng,Không có chống rung OIS,Không có bảo hành,Sản phẩm mới,Đầy đủ phụ kiện,451
99900000,1080x2400,6.67,4.0,50.0,2.0,Không có camera tele,Không có camera siêu rộng,Không có chống rung OIS,Có bảo hành,Sản phẩm mới,Đầy đủ phụ kiện,452
52900000,720x1604,6.67,24.0,50.0,1.0,Không có camera tele,Không có camera siêu rộng,Không có chống rung OIS,Có bảo hành,Sản phẩm mới,Đầy đủ phụ kiện,453
84900000,1080x2400,6.67,21.0,50.0,2.0,Không có camera tele,Không có camera siêu rộng,Không có chống rung OIS,Có bảo hành,Sản phẩm mới,Đầy đủ phụ kiện,456
27990000,2556x1179,6.1,2.0,48.0,2.0,Có camera tele,Có camera siêu rộng,Có chống rung OIS,Không có bảo hành,Sản phẩm mới,Đầy đủ phụ kiện,457
Giá Liên Hệ,1080x2400,6.55,,50.0,2.0,Không có camera tele,Không có camera siêu rộng,Không có chống rung OIS,Không có bảo hành,Sản phẩm mới,Đầy đủ phụ kiện,458
Giá Liên Hệ,,8.01,,108.0,3.0,Có camera tele,Có camera siêu rộng,Không có chống rung OIS,Không có bảo hành,Sản phẩm mới,Đầy đủ phụ kiện,459
68900000,720x1608,6.68,8.0,50.0,2.0,Không có camera tele,Không có camera siêu rộng,Không có chống rung OIS,Có bảo hành,Sản phẩm mới,Đầy đủ phụ kiện,461
4590000,1080x2436,6.78,62.0,100.0,1.0,Không có camera tele,Không có camera siêu rộng,Có chống rung OIS,Không có bảo hành,Sản phẩm mới,Đầy đủ phụ kiện,462
3750000,,6.67,4.0,50.0,1.0,Không có camera tele,Không có camera siêu rộng,Không có chống rung OIS,Không có bảo hành,Sản phẩm mới,Đầy đủ phụ kiện,463
Giá Liên Hệ,2800x1260,6.78,,50.0,3.0,Không có camera tele,Có camera siêu rộng,Có chống rung OIS,Không có bảo hành,Sản phẩm mới,Đầy đủ phụ kiện,464
2490000,720x1600,6.67,20.0,,,Không có camera tele,Không có camera siêu rộng,Không có chống rung OIS,Không có bảo hành,Sản phẩm mới,Đầy đủ phụ kiện,466
24990000,3120x1440,6.7,,50.0,3.0,Có camera tele,Có camera siêu rộng,Không có chống rung OIS,Không có bảo hành,Sản phẩm mới,Đầy đủ phụ kiện,467
2890000,720x1600,6.745,4.0,50.0,1.0,Không có camera tele,Không có camera siêu rộng,Không có chống rung OIS,Không có bảo hành,Sản phẩm mới,Đầy đủ phụ kiện,468
Giá Liên Hệ,1080x2640,6.7,,12.0,2.0,Không có camera tele,Có camera siêu rộng,Có chống rung OIS,Không có bảo hành,Sản phẩm mới,Đầy đủ phụ kiện,469
2790000,720x1612,6.56,6.0,8.0,1.0,Không có camera tele,Không có camera siêu rộng,Không có chống rung OIS,Không có bảo hành,Sản phẩm mới,Đầy đủ phụ kiện,471
221900000,1290x2796,6.7,4.0,48.0,2.0,Không có camera tele,Không có camera siêu rộng,Không có chống rung OIS,Có bảo hành,Sản phẩm mới,Đầy đủ phụ kiện,472
19900000,720x1600,6.67,38.0,13.0,1.0,Không có camera tele,Không có camera siêu rộng,Không có chống rung OIS,Có bảo hành,Sản phẩm mới,Đầy đủ phụ kiện,473
4600000,128x160,1.77,172.0,,,Không có camera tele,Không có camera siêu rộng,Không có chống rung OIS,Có bảo hành,Sản phẩm mới,Đầy đủ phụ kiện,475
44990000,2x480,8.12,6.0,50.0,3.0,Có camera tele,Không có camera siêu rộng,Có chống rung OIS,Không có bảo hành,Sản phẩm mới,Đầy đủ phụ kiện,476
4100000,128x160,1.77,277.0,,,,,,Có bảo hành,Sản phẩm mới,Đầy đủ phụ kiện,477
42990000,2868x1320,6.9,13.0,48.0,3.0,Có camera tele,Có camera siêu rộng,Có chống rung OIS,Không có bảo hành,Sản phẩm mới,Đầy đủ phụ kiện,478
Giá Liên Hệ,1080x2400,6.72,,108.0,2.0,Không có camera tele,Không có camera siêu rộng,Không có chống rung OIS,Không có bảo hành,Sản phẩm mới,Đầy đủ phụ kiện,479
21190000,3120x1440,6.7,1.0,50.0,3.0,Có camera tele,Có camera siêu rộng,Có chống rung OIS,Không có bảo hành,Sản phẩm mới,Đầy đủ phụ kiện,480
4990000,1080x2400,6.43,6.0,108.0,3.0,Không có camera tele,Có camera siêu rộng,Không có chống rung OIS,Không có bảo hành,Sản phẩm mới,Đầy đủ phụ kiện,481
Giá Liên Hệ,,6.78,,50.0,3.0,Có camera tele,Có camera siêu rộng,Có chống rung OIS,Không có bảo hành,Sản phẩm mới,Đầy đủ phụ kiện,482
9900000,240x320,2.8,44.0,,,,,,Có bảo hành,Sản phẩm mới,Đầy đủ phụ kiện,483
96900000,1080x2340,6.7,,50.0,3.0,Không có camera tele,Không có camera siêu rộng,Không có chống rung OIS,Có bảo hành,Sản phẩm mới,Đầy đủ phụ kiện,484
Giá Liên Hệ,1080x2388,6.67,,108.0,2.0,Không có camera tele,Không có camera siêu rộng,Không có chống rung OIS,Không có bảo hành,Sản phẩm mới,Đầy đủ phụ kiện,485
23190000,3120x1440,6.7,6.0,50.0,3.0,Có camera tele,Có camera siêu rộng,Không có chống rung OIS,Không có bảo hành,Sản phẩm mới,Đầy đủ phụ kiện,486
4590000,1080x2340,6.7,1.0,50.0,3.0,Không có camera tele,Có camera siêu rộng,Không có chống rung OIS,Không có bảo hành,Sản phẩm mới,Đầy đủ phụ kiện,487
7600000,240x320,2.31,62.0,,,Không có camera tele,Không có camera siêu rộng,Không có chống rung OIS,Có bảo hành,Sản phẩm mới,Đầy đủ phụ kiện,489
5890000,1080x2340,6.5,,50.0,3.0,Không có camera tele,Không có camera siêu rộng,Không có chống rung OIS,Không có bảo hành,Sản phẩm mới,Đầy đủ phụ kiện,493
34900000,720x1600,6.74,,13.0,1.0,Không có camera tele,Không có camera siêu rộng,Không có chống rung OIS,Có bảo hành,Sản phẩm mới,Đầy đủ phụ kiện,494
Giá Liên Hệ,,6.73,,64.0,3.0,Có camera tele,Có camera siêu rộng,Có chống rung OIS,Không có bảo hành,Sản phẩm mới,Đầy đủ phụ kiện,495
3290000,720x1612,6.56,11.0,50.0,1.0,Không có camera tele,Không có camera siêu rộng,Không có chống rung OIS,Không có bảo hành,Sản phẩm mới,Đầy đủ phụ kiện,496
24900000,720x1600,6.74,33.0,13.0,1.0,Không có camera tele,Không có camera siêu rộng,Không có chống rung OIS,Có bảo hành,Sản phẩm mới,Đầy đủ phụ kiện,498
Giá Liên Hệ,1080x2400,6.66,,108.0,3.0,Không có camera tele,Không có camera siêu rộng,Không có chống rung OIS,Không có bảo hành,Sản phẩm mới,Đầy đủ phụ kiện,499
Giá Liên Hệ,1312x2848,6.8,,50.0,4.0,Có camera tele,Có camera siêu rộng,Không có chống rung OIS,Không có bảo hành,Sản phẩm mới,Đầy đủ phụ kiện,501
11590000,1170x2532,6.1,2045.0,,,Không có camera tele,Có camera siêu rộng,Không có chống rung OIS,Có bảo hành,Sản phẩm mới,Đầy đủ phụ kiện,502
2629000,720x1600,6.74,0.0,,,,,,Có bảo hành,Sản phẩm mới,Đầy đủ phụ kiện,504
22090000,2796x1290,6.7,26.0,48.0,2.0,Có camera tele,Có camera siêu rộng,Có chống rung OIS,Không có bảo hành,Sản phẩm mới,Đầy đủ phụ kiện,505
23990000,1080x2640,6.7,,50.0,2.0,Có camera tele,Có camera siêu rộng,Không có chống rung OIS,Không có bảo hành,Sản phẩm mới,Đầy đủ phụ kiện,506
Giá Liên Hệ,1600x720,6.7,,48.0,1.0,Không có camera tele,Không có camera siêu rộng,Không có chống rung OIS,Không có bảo hành,Sản phẩm mới,Đầy đủ phụ kiện,507
Giá Liên Hệ,,6.78,,64.0,2.0,Không có camera tele,Không có camera siêu rộng,Không có chống rung OIS,Không có bảo hành,Sản phẩm mới,Đầy đủ phụ kiện,508
57900000,720x1608,6.68,27.0,50.0,2.0,Không có camera tele,Không có camera siêu rộng,Không có chống rung OIS,Có bảo hành,Sản phẩm mới,Đầy đủ phụ kiện,509
Giá Liên Hệ,,6.6,1.0,20.0,1.0,Không có camera tele,Không có camera siêu rộng,Không có chống rung OIS,Không có bảo hành,Sản phẩm mới,Đầy đủ phụ kiện,510
13790000,1080x2340,6.1,41.0,50.0,3.0,Không có camera tele,Không có camera siêu rộng,Không có chống rung OIS,Có bảo hành,Sản phẩm mới,Đầy đủ phụ kiện,511
Giá Liên Hệ,,6.82,,50.0,3.0,Có camera tele,Có camera siêu rộng,Có chống rung OIS,Không có bảo hành,Sản phẩm mới,Đầy đủ phụ kiện,512
4790000,1600x720,6.745,,50.0,1.0,Không có camera tele,Không có camera siêu rộng,Không có chống rung OIS,Không có bảo hành,Sản phẩm mới,Đầy đủ phụ kiện,514
18900000,720x1612,6.6,13.0,13.0,2.0,Không có camera tele,Không có camera siêu rộng,Không có chống rung OIS,Có bảo hành,Sản phẩm mới,Đầy đủ phụ kiện,515
3625000,1080x2400,6.7,0.0,,,,,,Có bảo hành,Sản phẩm mới,Đầy đủ phụ kiện,516
40900000,720x1600,6.67,,108.0,1.0,Không có camera tele,Không có camera siêu rộng,Không có chống rung OIS,Có bảo hành,Sản phẩm mới,Đầy đủ phụ kiện,517
Giá Liên Hệ,,6.6,,50.0,3.0,Có camera tele,Có camera siêu rộng,Không có chống rung OIS,Không có bảo hành,Sản phẩm mới,Đầy đủ phụ kiện,518
Giá Liên Hệ,3040x1440,6.3,,16.0,2.0,Có camera tele,Không có camera siêu rộng,Có chống rung OIS,Không có bảo hành,Sản phẩm mới,Đầy đủ phụ kiện,519
9990000,1170x2532,6.1,43.0,12.0,2.0,Không có camera tele,Có camera siêu rộng,Có chống rung OIS,Không có bảo hành,Sản phẩm mới,Đầy đủ phụ kiện,521
2790000,720x1600,6.7,,50.0,2.0,Không có camera tele,Không có camera siêu rộng,Không có chống rung OIS,Không có bảo hành,Sản phẩm mới,Đầy đủ phụ kiện,522
1990000,700x1600,6.67,15.0,13.0,1.0,Không có camera tele,Không có camera siêu rộng,Không có chống rung OIS,Có bảo hành,Sản phẩm mới,Đầy đủ phụ kiện,523
3190000,1612x720,6.56,7.0,50.0,2.0,Không có camera tele,Không có camera siêu rộng,Không có chống rung OIS,Không có bảo hành,Sản phẩm mới,Đầy đủ phụ kiện,524
27590000,1284x2778,6.7,10.0,12.0,3.0,Có camera tele,Có camera siêu rộng,Có chống rung OIS,Không có bảo hành,Sản phẩm mới,Đầy đủ phụ kiện,526
3690000,1080x2400,6.72,12.0,64.0,2.0,Không có camera tele,Không có camera siêu rộng,Không có chống rung OIS,Không có bảo hành,Sản phẩm mới,Đầy đủ phụ kiện,528
16090000,1080x2412,6.7,,50.0,3.0,Không có camera tele,Không có camera siêu rộng,Không có chống rung OIS,Không có bảo hành,Sản phẩm mới,Đầy đủ phụ kiện,529
4990000,1080x2436,6.78,29.0,50.0,2.0,Không có camera tele,Không có camera siêu rộng,Có chống rung OIS,Không có bảo hành,Sản phẩm mới,Đầy đủ phụ kiện,530
30990000,2796x1290,6.7,15.0,48.0,3.0,Có camera tele,Có camera siêu rộng,Không có chống rung OIS,Không có bảo hành,Sản phẩm mới,Đầy đủ phụ kiện,531
18990000,1440x3088,6.8,43.0,108.0,4.0,Không có camera tele,Có camera siêu rộng,Không có chống rung OIS,Có bảo hành,Sản phẩm mới,Đầy đủ phụ kiện,532
Giá Liên Hệ,1080x2400,6.78,,64.0,3.0,Không có camera tele,Có camera siêu rộng,Có chống rung OIS,Không có bảo hành,Sản phẩm mới,Đầy đủ phụ kiện,533
18990000,1116x2480,6.8,2.0,50.0,3.0,Không có camera tele,Có camera siêu rộng,Không có chống rung OIS,Không có bảo hành,Sản phẩm mới,Đầy đủ phụ kiện,534
Giá Liên Hệ,1080x2376,6.7,,100.0,3.0,Không có camera tele,Có camera siêu rộng,Không có chống rung OIS,Không có bảo hành,Sản phẩm mới,Đầy đủ phụ kiện,535
17990000,1080x2448,6.78,18.0,50.0,3.0,Không có camera tele,Có camera siêu rộng,Không có chống rung OIS,Không có bảo hành,Sản phẩm mới,Đầy đủ phụ kiện,537
54900000,1080x2400,6.67,44.0,108.0,3.0,Không có camera tele,Không có camera siêu rộng,Không có chống rung OIS,Có bảo hành,Sản phẩm mới,Đầy đủ phụ kiện,540
11990000,1792x828,6.1,23.0,12.0,1.0,Không có camera tele,Không có camera siêu rộng,Không có chống rung OIS,Không có bảo hành,Sản phẩm mới,Đầy đủ phụ kiện,541
27900000,720x1612,6.56,1.0,50.0,1.0,Không có camera tele,Không có camera siêu rộng,Không có chống rung OIS,Có bảo hành,Sản phẩm mới,Đầy đủ phụ kiện,543
219900000,1x5,6.59,2.0,50.0,1.0,Không có camera tele,Không có camera siêu rộng,Không có chống rung OIS,Có bảo hành,Sản phẩm mới,Đầy đủ phụ kiện,545
34900000,720x1604,6.67,53.0,8.0,1.0,Không có camera tele,Không có camera siêu rộng,Không có chống rung OIS,Có bảo hành,Sản phẩm mới,Đầy đủ phụ kiện,548
Giá Liên Hệ,1440x3200,6.67,,64.0,3.0,Không có camera tele,Có camera siêu rộng,Có chống rung OIS,Không có bảo hành,Sản phẩm mới,Đầy đủ phụ kiện,549
Giá Liên Hệ,1080x2400,6.78,,50.0,3.0,Có camera tele,Không có camera siêu rộng,Có chống rung OIS,Không có bảo hành,Sản phẩm mới,Đầy đủ phụ kiện,550
196900000,1080x2340,6.2,8.0,50.0,3.0,Không có camera tele,Không có camera siêu rộng,Không có chống rung OIS,Có bảo hành,Sản phẩm mới,Đầy đủ phụ kiện,551
3790000,1600x720,6.74,,13.0,2.0,Không có camera tele,Không có camera siêu rộng,Không có chống rung OIS,Không có bảo hành,Sản phẩm mới,Đầy đủ phụ kiện,552
Giá Liên Hệ,,6.6,1.0,50.0,3.0,Có camera tele,Có camera siêu rộng,Không có chống rung OIS,Không có bảo hành,Sản phẩm mới,Đầy đủ phụ kiện,553
2890000,720x1612,6.56,,50.0,1.0,Không có camera tele,Không có camera siêu rộng,Không có chống rung OIS,Không có bảo hành,Sản phẩm mới,Đầy đủ phụ kiện,555
Giá Liên Hệ,1080x2400,6.67,20.0,64.0,3.0,Không có camera tele,Có camera siêu rộng,Có chống rung OIS,Không có bảo hành,Sản phẩm mới,Đầy đủ phụ kiện,556
Giá Liên Hệ,,6.78,,200.0,3.0,Có camera tele,Có camera siêu rộng,Có chống rung OIS,Không có bảo hành,Sản phẩm mới,Đầy đủ phụ kiện,559
12750000,1170x2532,6.1,0.0,12.0,2.0,Không có camera tele,Không có camera siêu rộng,Không có chống rung OIS,Có bảo hành,Sản phẩm mới,Đầy đủ phụ kiện,560
Giá Liên Hệ,,6.3,,50.0,3.0,Có camera tele,Có camera siêu rộng,Không có chống rung OIS,Không có bảo hành,Sản phẩm mới,Đầy đủ phụ kiện,562
2690000,720x1640,6.56,1.0,13.0,1.0,Không có camera tele,Không có camera siêu rộng,Không có chống rung OIS,Không có bảo hành,Sản phẩm mới,Đầy đủ phụ kiện,563
Giá Liên Hệ,1080x2400,6.67,,108.0,2.0,Không có camera tele,Không có camera siêu rộng,Không có chống rung OIS,Không có bảo hành,Sản phẩm mới,Đầy đủ phụ kiện,564
Giá Liên Hệ,1080x2400,6.66,,50.0,3.0,Không có camera tele,Có camera siêu rộng,Không có chống rung OIS,Không có bảo hành,Sản phẩm mới,Đầy đủ phụ kiện,565
5890000,1080x2340,6.5,15.0,50.0,3.0,Không có camera tele,Có camera siêu rộng,Có chống rung OIS,Không có bảo hành,Sản phẩm mới,Đầy đủ phụ kiện,566
250900000,1206x2622,6.3,23.0,48.0,3.0,Không có camera tele,Không có camera siêu rộng,Không có chống rung OIS,Có bảo hành,Sản phẩm mới,Đầy đủ phụ kiện,568
Giá Liên Hệ,1440x3216,6.7,,50.0,3.0,Không có camera tele,Không có camera siêu rộng,Không có chống rung OIS,Không có bảo hành,Sản phẩm mới,Đầy đủ phụ kiện,570
299900000,1x5,6.78,3.0,50.0,1.0,Không có camera tele,Không có camera siêu rộng,Không có chống rung OIS,Có bảo hành,Sản phẩm mới,Đầy đủ phụ kiện,571
5350000,1080x2436,6.78,11.0,50.0,2.0,Không có camera tele,Không có camera siêu rộng,Không có chống rung OIS,Có bảo hành,Sản phẩm mới,Đầy đủ phụ kiện,572
3625000,1080x2400,,0.0,50.0,3.0,Không có camera tele,Không có camera siêu rộng,Không có chống rung OIS,Có bảo hành,Sản phẩm mới,Đầy đủ phụ kiện,573
21990000,1290x2796,6.7,15.0,,,,,,Có bảo hành,Sản phẩm mới,Đầy đủ phụ kiện,575
7500000,120x160,1.77,34.0,,,Không có camera tele,Không có camera siêu rộng,Không có chống rung OIS,Có bảo hành,Sản phẩm mới,Đầy đủ phụ kiện,577
4300000,,2.4,5.0,,,Không có camera tele,Không có camera siêu rộng,Không có chống rung OIS,Có bảo hành,Sản phẩm mới,Đầy đủ phụ kiện,578
3590000,720x1612,6.56,18.0,50.0,1.0,Không có camera tele,Không có camera siêu rộng,Không có chống rung OIS,Không có bảo hành,Sản phẩm mới,Đầy đủ phụ kiện,579
5690000,1080x2400,6.67,17.0,108.0,4.0,Không có camera tele,Có camera siêu rộng,Không có chống rung OIS,Không có bảo hành,Sản phẩm mới,Đầy đủ phụ kiện,580
500000,240x320,2.4,5.0,,,,,,Không có bảo hành,Sản phẩm mới,Đầy đủ phụ kiện,581
42900000,1080x2460,6.79,89.0,108.0,2.0,Không có camera tele,Không có camera siêu rộng,Không có chống rung OIS,Có bảo hành,Sản phẩm mới,Đầy đủ phụ kiện,582
18890000,2556x1179,6.1,10.0,48.0,2.0,Không có camera tele,Không có camera siêu rộng,Không có chống rung OIS,Không có bảo hành,Sản phẩm mới,Đầy đủ phụ kiện,583
89900000,1080x2400,6.67,4.0,50.0,3.0,Không có camera tele,Không có camera siêu rộng,Không có chống rung OIS,Có bảo hành,Sản phẩm mới,Đầy đủ phụ kiện,584
2890000,720x1600,6.52,1.0,13.0,2.0,Không có camera tele,Không có camera siêu rộng,Không có chống rung OIS,Không có bảo hành,Sản phẩm mới,Đầy đủ phụ kiện,585
22990000,1440x3120,6.7,1.0,50.0,3.0,Không có camera tele,Không có camera siêu rộng,Không có chống rung OIS,,,,587
18990000,,,,64.0,3.0,Không có camera tele,Không có camera siêu rộng,Không có chống rung OIS,Không có bảo hành,Sản phẩm mới,Đầy đủ phụ kiện,589
161900000,1170x2532,6.1,3.0,48.0,1.0,Không có camera tele,Không có camera siêu rộng,Không có chống rung OIS,Có bảo hành,Sản phẩm mới,Đầy đủ phụ kiện,590
4290000,1080x2400,6.67,57.0,50.0,3.0,Không có camera tele,Không có camera siêu rộng,Không có chống rung OIS,Không có bảo hành,Sản phẩm mới,Đầy đủ phụ kiện,591
164900000,1080x2520,6.8,8.0,50.0,3.0,Không có camera tele,Không có camera siêu rộng,Không có chống rung OIS,Có bảo hành,Sản phẩm mới,Đầy đủ phụ kiện,592
Giá Liên Hệ,1080x2340,6.39,1.0,24.0,3.0,Không có camera tele,Không có camera siêu rộng,Không có chống rung OIS,,,,593
29900000,720x1600,6.67,2.0,48.0,1.0,Không có camera tele,Không có camera siêu rộng,Không có chống rung OIS,Có bảo hành,Sản phẩm mới,Đầy đủ phụ kiện,594
3050000,720x1612,6.67,0.0,,,,,,Có bảo hành,Sản phẩm mới,Đầy đủ phụ kiện,595
Giá Liên Hệ,1220x2712,6.67,29.0,50.0,3.0,Có camera tele,Có camera siêu rộng,Không có chống rung OIS,Không có bảo hành,Sản phẩm mới,Đầy đủ phụ kiện,596
Giá Liên Hệ,1080x2400,6.81,1.0,64.0,4.0,Không có camera tele,Không có camera siêu rộng,Không có chống rung OIS,Không có bảo hành,Sản phẩm mới,Đầy đủ phụ kiện,597
Giá Liên Hệ,1080x2412,6.6,,50.0,3.0,Không có camera tele,Không có camera siêu rộng,Không có chống rung OIS,Không có bảo hành,Sản phẩm mới,Đầy đủ phụ kiện,598
7090000,1080x2340,6.6,0.0,48.0,3.0,Không có camera tele,Có camera siêu rộng,Có chống rung OIS,Không có bảo hành,Sản phẩm mới,Đầy đủ phụ kiện,600
12490000,1220x2712,6.67,40.0,50.0,3.0,Có camera tele,Có camera siêu rộng,Không có chống rung OIS,Không có bảo hành,Sản phẩm mới,Đầy đủ phụ kiện,601
5500000,240x320,2.4,28.0,,,Không có camera tele,Không có camera siêu rộng,Không có chống rung OIS,Có bảo hành,Sản phẩm mới,Đầy đủ phụ kiện,603
8290000,,6.1,1.0,48.0,3.0,Không có camera tele,Không có camera siêu rộng,Không có chống rung OIS,Không có bảo hành,Sản phẩm mới,Đầy đủ phụ kiện,604
84900000,1080x2400,6.78,11.0,50.0,2.0,Không có camera tele,Không có camera siêu rộng,Không có chống rung OIS,Có bảo hành,Sản phẩm mới,Đầy đủ phụ kiện,605
Giá Liên Hệ,1080x2340,6.7,,108.0,3.0,Có camera tele,Có camera siêu rộng,Có chống rung OIS,Không có bảo hành,Sản phẩm mới,Đầy đủ phụ kiện,606
35900000,1080x2460,6.78,2.0,64.0,2.0,Không có camera tele,Không có camera siêu rộng,Không có chống rung OIS,Có bảo hành,Sản phẩm mới,Đầy đủ phụ kiện,607
10690000,2712x1220,6.67,16.0,200.0,3.0,Không có camera tele,Có camera siêu rộng,Có chống rung OIS,Không có bảo hành,Sản phẩm mới,Đầy đủ phụ kiện,608
7990000,1080x2340,6.7,4.0,50.0,3.0,Không có camera tele,Không có camera siêu rộng,Không có chống rung OIS,Không có bảo hành,Sản phẩm mới,Đầy đủ phụ kiện,609
21990000,1170x2532,6.1,12.0,12.0,3.0,Có camera tele,Có camera siêu rộng,Không có chống rung OIS,Không có bảo hành,Sản phẩm mới,Đầy đủ phụ kiện,610
3790000,1080x2460,6.78,,50.0,2.0,Không có camera tele,Không có camera siêu rộng,Không có chống rung OIS,Không có bảo hành,Sản phẩm mới,Đầy đủ phụ kiện,611
3190000,2460x1080,6.79,35.0,108.0,2.0,Không có camera tele,Không có camera siêu rộng,Không có chống rung OIS,Không có bảo hành,Sản phẩm mới,Đầy đủ phụ kiện,612
190900000,1179x2556,6.1,13.0,48.0,2.0,Không có camera tele,Không có camera siêu rộng,Không có chống rung OIS,Có bảo hành,Sản phẩm mới,Đầy đủ phụ kiện,615
16090000,,6.7,,50.0,3.0,Không có camera tele,Không có camera siêu rộng,Có chống rung OIS,Không có bảo hành,Sản phẩm mới,Đầy đủ phụ kiện,616
Giá Liên Hệ,1080x2412,6.3,,50.0,2.0,Không có camera tele,Không có camera siêu rộng,Không có chống rung OIS,Không có bảo hành,Sản phẩm mới,Đầy đủ phụ kiện,617
Giá Liên Hệ,1440x3080,7.0,1.0,50.0,4.0,Có camera tele,Có camera siêu rộng,Có chống rung OIS,Có bảo hành,Sản phẩm mới,Đầy đủ phụ kiện,618
Giá Liên Hệ,1440x3200,6.78,,64.0,3.0,Có camera tele,Có camera siêu rộng,Có chống rung OIS,Không có bảo hành,Sản phẩm mới,Đầy đủ phụ kiện,619
344900000,1179x2556,6.1,1.0,48.0,3.0,Không có camera tele,Không có camera siêu rộng,Không có chống rung OIS,Có bảo hành,Sản phẩm mới,Đầy đủ phụ kiện,620
5290000,,6.78,1.0,50.0,2.0,Không có camera tele,Có camera siêu rộng,Không có chống rung OIS,Có bảo hành,Sản phẩm mới,Đầy đủ phụ kiện,623
44900000,720x1600,6.7,1.0,50.0,2.0,Không có camera tele,Không có camera siêu rộng,Không có chống rung OIS,Có bảo hành,Sản phẩm mới,Đầy đủ phụ kiện,624
4390000,1080x2436,6.78,31.0,108.0,2.0,Không có camera tele,Không có camera siêu rộng,Không có chống rung OIS,Không có bảo hành,Sản phẩm mới,Đầy đủ phụ kiện,625
6500000,120x160,2.4,17.0,,,,,,Có bảo hành,Sản phẩm mới,Đầy đủ phụ kiện,627
3190000,720x1600,6.7,12.0,50.0,2.0,Không có camera tele,Không có camera siêu rộng,Không có chống rung OIS,Không có bảo hành,Sản phẩm mới,Đầy đủ phụ kiện,628
20990000,1080x2640,6.7,20.0,50.0,2.0,Có camera tele,Có camera siêu rộng,Không có chống rung OIS,Không có bảo hành,Sản phẩm mới,Đầy đủ phụ kiện,629
3990000,1612x720,6.56,1.0,50.0,2.0,Không có camera tele,Không có camera siêu rộng,Không có chống rung OIS,Không có bảo hành,Sản phẩm mới,Đầy đủ phụ kiện,630
34990000,3200x1440,6.73,,200.0,4.0,Có camera tele,Có camera siêu rộng,Có chống rung OIS,Không có bảo hành,Sản phẩm mới,Đầy đủ phụ kiện,631
Giá Liên Hệ,1116x2480,6.8,,64.0,3.0,Có camera tele,Có camera siêu rộng,Có chống rung OIS,Không có bảo hành,Sản phẩm mới,Đầy đủ phụ kiện,633
30990000,1440x3088,6.8,80.0,108.0,4.0,Không có camera tele,Có camera siêu rộng,Không có chống rung OIS,Không có bảo hành,Sản phẩm mới,Đầy đủ phụ kiện,634
24990000,1170x2532,6.1,54.0,12.0,3.0,Có camera tele,Có camera siêu rộng,Có chống rung OIS,Không có bảo hành,Sản phẩm mới,Đầy đủ phụ kiện,635
6990000,1080x2340,6.7,3.0,50.0,3.0,Không có camera tele,Không có camera siêu rộng,Không có chống rung OIS,Không có bảo hành,Sản phẩm mới,Đầy đủ phụ kiện,636
Giá Liên Hệ,1440x3200,6.43,1.0,64.0,3.0,Không có camera tele,Có camera siêu rộng,Không có chống rung OIS,Không có bảo hành,Sản phẩm mới,Đầy đủ phụ kiện,637
5050000,,6.67,,50.0,2.0,Không có camera tele,Không có camera siêu rộng,Không có chống rung OIS,Không có bảo hành,Sản phẩm mới,Đầy đủ phụ kiện,638
3750000,720x1600,6.74,4.0,50.0,1.0,Không có camera tele,Không có camera siêu rộng,Không có chống rung OIS,Không có bảo hành,Sản phẩm mới,Đầy đủ phụ kiện,639
Giá Liên Hệ,2652x1200,6.78,,50.0,3.0,Có camera tele,Có camera siêu rộng,Không có chống rung OIS,Không có bảo hành,Sản phẩm mới,Đầy đủ phụ kiện,640
Giá Liên Hệ,1080x2400,6.67,,64.0,3.0,Không có camera tele,Không có camera siêu rộng,Có chống rung OIS,Không có bảo hành,Sản phẩm mới,Đầy đủ phụ kiện,641
6490000,1080x2400,6.43,6.0,50.0,2.0,Không có camera tele,Không có camera siêu rộng,Không có chống rung OIS,Không có bảo hành,Sản phẩm mới,Đầy đủ phụ kiện,644
5090000,1608x720,6.68,,50.0,2.0,Không có camera tele,Không có camera siêu rộng,Không có chống rung OIS,Không có bảo hành,Sản phẩm mới,Đầy đủ phụ kiện,645
127900000,1x5,6.78,16.0,50.0,2.0,Không có camera tele,Không có camera siêu rộng,Không có chống rung OIS,Có bảo hành,Sản phẩm mới,Đầy đủ phụ kiện,646
Giá Liên Hệ,720x1280,5.5,,13.0,1.0,Không có camera tele,Không có camera siêu rộng,Không có chống rung OIS,Không có bảo hành,Sản phẩm mới,Đầy đủ phụ kiện,647
299900000,1290x2796,6.7,264.0,48.0,3.0,Không có camera tele,Không có camera siêu rộng,Không có chống rung OIS,Có bảo hành,Sản phẩm mới,Đầy đủ phụ kiện,648
4590000,1080x2412,6.72,,50.0,2.0,Không có camera tele,Không có camera siêu rộng,Không có chống rung OIS,Không có bảo hành,Sản phẩm mới,Đầy đủ phụ kiện,649
233900000,2x1440,6.8,139.0,200.0,4.0,Không có camera tele,Không có camera siêu rộng,Không có chống rung OIS,Có bảo hành,Sản phẩm mới,Đầy đủ phụ kiện,650
Giá Liên Hệ,1080x2388,6.8,,48.0,2.0,Không có camera tele,Không có camera siêu rộng,Không có chống rung OIS,Không có bảo hành,Sản phẩm mới,Đầy đủ phụ kiện,651
19690000,2340x1080,6.2,1.0,50.0,3.0,Có camera tele,Có camera siêu rộng,Không có chống rung OIS,Không có bảo hành,Sản phẩm mới,Đầy đủ phụ kiện,652
81900000,1080x2340,6.6,79.0,50.0,3.0,Không có camera tele,Không có camera siêu rộng,Không có chống rung OIS,Có bảo hành,Sản phẩm mới,Đầy đủ phụ kiện,654
23490000,,6.5,,52.0,4.0,Không có camera tele,Không có camera siêu rộng,Không có chống rung OIS,Không có bảo hành,Sản phẩm mới,Đầy đủ phụ kiện,655
5490000,1220x2712,6.67,160.0,108.0,3.0,Không có camera tele,Không có camera siêu rộng,Không có chống rung OIS,Không có bảo hành,Sản phẩm mới,Đầy đủ phụ kiện,656
1990000,,6.79,16.0,13.0,1.0,Không có camera tele,Không có camera siêu rộng,Không có chống rung OIS,Không có bảo hành,Sản phẩm mới,Đầy đủ phụ kiện,657
193900000,1290x2796,6.7,49.0,48.0,2.0,Không có camera tele,Không có camera siêu rộng,Không có chống rung OIS,Có bảo hành,Sản phẩm mới,Đầy đủ phụ kiện,658
Giá Liên Hệ,1440x3120,6.7,,50.0,3.0,Có camera tele,Có camera siêu rộng,Có chống rung OIS,Không có bảo hành,Sản phẩm mới,Đầy đủ phụ kiện,659
Giá Liên Hệ,3200x1440,6.78,,50.0,3.0,Có camera tele,Có camera siêu rộng,Có chống rung OIS,Không có bảo hành,Sản phẩm mới,Đầy đủ phụ kiện,660
Giá Liên Hệ,,7.6,,48.0,3.0,Có camera tele,Có camera siêu rộng,Có chống rung OIS,Không có bảo hành,Sản phẩm mới,Đầy đủ phụ kiện,661
7990000,1220x2712,6.67,176.0,64.0,3.0,Không có camera tele,Có camera siêu rộng,Không có chống rung OIS,Không có bảo hành,Sản phẩm mới,Đầy đủ phụ kiện,662
Giá Liên Hệ,1240x2772,6.74,,64.0,3.0,Không có camera tele,Có camera siêu rộng,Không có chống rung OIS,Không có bảo hành,Sản phẩm mới,Đầy đủ phụ kiện,663
119900000,1080x2412,6.7,29.0,50.0,3.0,Không có camera tele,Không có camera siêu rộng,Không có chống rung OIS,Có bảo hành,Sản phẩm mới,Đầy đủ phụ kiện,664
Giá Liên Hệ,1080x2460,6.76,,64.0,2.0,Không có camera tele,Có camera siêu rộng,Không có chống rung OIS,Không có bảo hành,Sản phẩm mới,Đầy đủ phụ kiện,665
5790000,1080x2436,6.78,17.0,108.0,3.0,Không có camera tele,Không có camera siêu rộng,Có chống rung OIS,Không có bảo hành,Sản phẩm mới,Đầy đủ phụ kiện,666
8490000,1080x2412,6.7,5.0,50.0,2.0,Không có camera tele,Có camera siêu rộng,Không có chống rung OIS,Không có bảo hành,Sản phẩm mới,Đầy đủ phụ kiện,667
Giá Liên Hệ,,,,64.0,3.0,Không có camera tele,Không có camera siêu rộng,Không có chống rung OIS,Không có bảo hành,Sản phẩm mới,Đầy đủ phụ kiện,668
19990000,1080x2340,6.2,1.0,50.0,3.0,Không có camera tele,Không có camera siêu rộng,Không có chống rung OIS,Có bảo hành,Sản phẩm mới,Đầy đủ phụ kiện,669
Giá Liên Hệ,,6.72,,50.0,2.0,Không có camera tele,Không có camera siêu rộng,Không có chống rung OIS,Không có bảo hành,Sản phẩm mới,Đầy đủ phụ kiện,670
3590000,1080x2640,6.8,,64.0,1.0,Không có camera tele,Không có camera siêu rộng,Không có chống rung OIS,Không có bảo hành,Sản phẩm mới,Đầy đủ phụ kiện,672
47900000,720x1600,6.745,10.0,50.0,1.0,Không có camera tele,Không có camera siêu rộng,Không có chống rung OIS,Có bảo hành,Sản phẩm mới,Đầy đủ phụ kiện,675
289900000,2x1440,6.9,14.0,200.0,4.0,Không có camera tele,Không có camera siêu rộng,Không có chống rung OIS,Có bảo hành,Sản phẩm mới,Đầy đủ phụ kiện,677
4090000,1080x2400,6.43,44.0,50.0,4.0,Không có camera tele,Có camera siêu rộng,Không có chống rung OIS,Không có bảo hành,Sản phẩm mới,Đầy đủ phụ kiện,678
159900000,1080x2412,6.7,5.0,50.0,3.0,Không có camera tele,Không có camera siêu rộng,Không có chống rung OIS,Có bảo hành,Sản phẩm mới,Đầy đủ phụ kiện,679
6000000,128x160,2.0,7.0,,,,,,Có bảo hành,Sản phẩm mới,Đầy đủ phụ kiện,680
19290000,2778x1284,6.7,33.0,12.0,3.0,Có camera tele,Có camera siêu rộng,Không có chống rung OIS,Không có bảo hành,Sản phẩm mới,Đầy đủ phụ kiện,681
28900000,720x1600,6.67,3.0,50.0,2.0,Không có camera tele,Không có camera siêu rộng,Không có chống rung OIS,Có bảo hành,Sản phẩm mới,Đầy đủ phụ kiện,682
38900000,720x1612,6.56,8.0,50.0,2.0,Không có camera tele,Không có camera siêu rộng,Không có chống rung OIS,Có bảo hành,Sản phẩm mới,Đầy đủ phụ kiện,684
4390000,,6.78,12.0,108.0,1.0,Không có camera tele,Không có camera siêu rộng,Không có chống rung OIS,Không có bảo hành,Sản phẩm mới,Đầy đủ phụ kiện,685
79900000,1080x2400,6.67,44.0,50.0,3.0,Không có camera tele,Không có camera siêu rộng,Không có chống rung OIS,Có bảo hành,Sản phẩm mới,Đầy đủ phụ kiện,686
15900000,240x320,2.4,20.0,2.0,1.0,Không có camera tele,Không có camera siêu rộng,Không có chống rung OIS,Có bảo hành,Sản phẩm mới,Đầy đủ phụ kiện,687
34990000,2796x1290,6.7,6.0,48.0,3.0,Có camera tele,Có camera siêu rộng,Không có chống rung OIS,Không có bảo hành,Sản phẩm mới,Đầy đủ phụ kiện,688
12590000,2532x1170,6.1,42.0,12.0,2.0,Không có camera tele,Có camera siêu rộng,Không có chống rung OIS,Không có bảo hành,Sản phẩm mới,Đầy đủ phụ kiện,689
Giá Liên Hệ,1600x720,6.52,,2.0,1.0,Không có camera tele,Không có camera siêu rộng,Không có chống rung OIS,Không có bảo hành,Sản phẩm mới,Đầy đủ phụ kiện,691
2390000,720x1600,6.74,3.0,13.0,1.0,Không có camera tele,Không có camera siêu rộng,Không có chống rung OIS,Không có bảo hành,Sản phẩm mới,Đầy đủ phụ kiện,692
2990000,1080x2408,6.6,28.0,50.0,2.0,Không có camera tele,Không có camera siêu rộng,Không có chống rung OIS,Không có bảo hành,Sản phẩm mới,Đầy đủ phụ kiện,693
3790000,1080x2400,6.67,53.0,50.0,3.0,Không có camera tele,Không có camera siêu rộng,Không có chống rung OIS,Không có bảo hành,Sản phẩm mới,Đầy đủ phụ kiện,694
Giá Liên Hệ,,6.67,,48.0,3.0,Có camera tele,Có camera siêu rộng,Có chống rung OIS,Không có bảo hành,Sản phẩm mới,Đầy đủ phụ kiện,695
Giá Liên Hệ,720x1600,6.7,,50.0,2.0,Không có camera tele,Không có camera siêu rộng,Không có chống rung OIS,Không có bảo hành,Sản phẩm mới,Đầy đủ phụ kiện,696
69900000,720x1604,6.67,13.0,50.0,2.0,Không có camera tele,Không có camera siêu rộng,Không có chống rung OIS,Không có bảo hành,Sản phẩm mới,Đầy đủ phụ kiện,697
Giá Liên Hệ,1080x2340,6.0,,16.0,2.0,Không có camera tele,Có camera siêu rộng,Có chống rung OIS,Không có bảo hành,Sản phẩm mới,Đầy đủ phụ kiện,698
Giá Liên Hệ,1080x2392,6.77,,50.0,3.0,Không có camera tele,Không có camera siêu rộng,Không có chống rung OIS,Không có bảo hành,Sản phẩm mới,Đầy đủ phụ kiện,699
3890000,1080x2460,6.78,17.0,50.0,1.0,Không có camera tele,Không có camera siêu rộng,Không có chống rung OIS,Không có bảo hành,Sản phẩm mới,Đầy đủ phụ kiện,701
3990000,1080x2408,6.6,63.0,,,Không có camera tele,Không có camera siêu rộng,Không có chống rung OIS,Không có bảo hành,Sản phẩm mới,Đầy đủ phụ kiện,703
3190000,720x1612,6.56,10.0,8.0,2.0,Không có camera tele,Không có camera siêu rộng,Không có chống rung OIS,Không có bảo hành,Sản phẩm mới,Đầy đủ phụ kiện,705
Giá Liên Hệ,1440x2880,6.0,,2.0,1.0,Không có camera tele,Không có camera siêu rộng,Có chống rung OIS,Không có bảo hành,Sản phẩm mới,Đầy đủ phụ kiện,706
Giá Liên Hệ,,6.9,,13.0,2.0,Không có camera tele,Có camera siêu rộng,Có chống rung OIS,Không có bảo hành,Sản phẩm mới,Đầy đủ phụ kiện,707
5790000,1080x2400,6.67,32.0,108.0,4.0,Có camera tele,Có camera siêu rộng,Không có chống rung OIS,Không có bảo hành,Sản phẩm mới,Đầy đủ phụ kiện,708
Giá Liên Hệ,3200x1440,6.66,,108.0,3.0,Không có camera tele,Không có camera siêu rộng,Có chống rung OIS,Không có bảo hành,Sản phẩm mới,Đầy đủ phụ kiện,709
3690000,720x1600,6.745,1.0,50.0,1.0,Không có camera tele,Không có camera siêu rộng,Không có chống rung OIS,Không có bảo hành,Sản phẩm mới,Đầy đủ phụ kiện,710
5550000,1080x2340,6.6,75.0,48.0,3.0,Không có camera tele,Không có camera siêu rộng,Không có chống rung OIS,Có bảo hành,Sản phẩm mới,Đầy đủ phụ kiện,711
6590000,1080x2392,6.8,22.0,50.0,2.0,Không có camera tele,Không có camera siêu rộng,Không có chống rung OIS,Không có bảo hành,Sản phẩm mới,Đầy đủ phụ kiện,712
17990000,3120x1440,6.7,10.0,50.0,3.0,Có camera tele,Có camera siêu rộng,Có chống rung OIS,Không có bảo hành,Sản phẩm mới,Đầy đủ phụ kiện,714
2790000,,6.6,7.0,50.0,1.0,Không có camera tele,Không có camera siêu rộng,Không có chống rung OIS,Không có bảo hành,Sản phẩm mới,Đầy đủ phụ kiện,715
5390000,1080x2388,6.64,,50.0,2.0,Không có camera tele,Không có camera siêu rộng,Không có chống rung OIS,Có bảo hành,Sản phẩm mới,Đầy đủ phụ kiện,716
2390000,,6.79,13.0,13.0,1.0,Không có camera tele,Không có camera siêu rộng,Không có chống rung OIS,Không có bảo hành,Sản phẩm mới,Đầy đủ phụ kiện,718
